,card_acceptance,pred1,pred2,pred3,prob1,prob2,prob3,sum_prob
5712,1,1,1,1,0.8836919069290161,0.8225412368774414,0.8444265723228455,2.550659656524658
240,1,1,1,1,0.8604364991188049,0.8085907101631165,0.8489636182785034,2.517990827560425
5713,1,1,1,1,0.8398888111114502,0.8040401339530945,0.8651159405708313,2.509044885635376
7352,1,1,1,1,0.8545740246772766,0.7511950731277466,0.8722754716873169,2.4780445098876953
6508,1,1,1,1,0.8083428740501404,0.774438202381134,0.869587242603302,2.4523682594299316
593,1,1,1,1,0.8736135959625244,0.7220224142074585,0.8550393581390381,2.4506754875183105
7874,0,1,1,1,0.7928282618522644,0.7723339796066284,0.8671301007270813,2.4322922229766846
7127,0,1,1,1,0.82490473985672,0.7477841377258301,0.8469609022140503,2.419649600982666
5867,1,1,1,1,0.8329582214355469,0.7706656455993652,0.8069828748703003,2.410606861114502
2046,1,1,1,1,0.822287917137146,0.7489643096923828,0.8371235728263855,2.4083757400512695
4451,1,1,1,1,0.7762408256530762,0.7972511649131775,0.8103617429733276,2.3838539123535156
5490,0,1,1,1,0.8703430891036987,0.720820963382721,0.7801997661590576,2.371363878250122
3581,1,1,1,1,0.8213728070259094,0.7074968814849854,0.8378627300262451,2.366732358932495
1084,1,1,1,1,0.8436157703399658,0.7279638648033142,0.7949815392494202,2.3665611743927
4410,1,1,1,1,0.8196319937705994,0.7290381789207458,0.8175825476646423,2.3662526607513428
1932,0,1,1,1,0.8783698081970215,0.7100463509559631,0.7633652091026306,2.3517813682556152
3402,1,1,1,1,0.8706946969032288,0.692350447177887,0.7871406078338623,2.3501858711242676
6609,0,1,1,1,0.8246942162513733,0.7206919193267822,0.8040124773979187,2.349398612976074
4275,1,1,1,1,0.7850187420845032,0.7692947387695312,0.7925431728363037,2.3468565940856934
579,1,1,1,1,0.8229274153709412,0.7054653763771057,0.8183728456497192,2.3467655181884766
6669,1,1,1,1,0.8231849074363708,0.6880011558532715,0.8324043154716492,2.343590497970581
2447,1,1,1,1,0.7706443071365356,0.6909473538398743,0.8729129433631897,2.3345046043395996
882,1,1,1,1,0.766162633895874,0.7663791179656982,0.8019571304321289,2.334498882293701
5596,1,1,1,1,0.8171055912971497,0.744739294052124,0.7697263360023499,2.331571102142334
7578,1,1,1,1,0.8460403084754944,0.6701779365539551,0.7839228510856628,2.3001410961151123
5810,1,1,1,1,0.7616774439811707,0.653310239315033,0.8838396668434143,2.2988274097442627
561,1,1,1,1,0.8030597567558289,0.7078686356544495,0.7823206782341003,2.2932491302490234
7818,1,1,1,1,0.776553213596344,0.6986163258552551,0.8109865188598633,2.286156177520752
4310,1,1,1,1,0.7822677493095398,0.6440520286560059,0.8565534353256226,2.2828731536865234
3571,1,1,1,1,0.8211230039596558,0.6840876936912537,0.7675442099571228,2.2727549076080322
4857,1,1,1,1,0.7755051255226135,0.6908757090568542,0.8046417236328125,2.2710225582122803
4260,1,1,1,1,0.785260796546936,0.680264413356781,0.7990679144859314,2.2645931243896484
7973,0,1,1,1,0.7553106546401978,0.7071102261543274,0.8015729784965515,2.263993978500366
4948,1,1,1,1,0.8073628544807434,0.6941655278205872,0.7596833109855652,2.261211633682251
7429,0,1,1,1,0.7905852794647217,0.6760725378990173,0.794017493724823,2.2606754302978516
1052,1,1,1,1,0.8471264839172363,0.6918213367462158,0.7101024985313416,2.2490503787994385
5176,0,1,1,1,0.7674132585525513,0.6598303318023682,0.816713273525238,2.2439568042755127
6672,1,1,1,1,0.7968378067016602,0.6709097027778625,0.7716585993766785,2.239406108856201
4438,0,1,1,1,0.7831107378005981,0.6509162187576294,0.8035739660263062,2.237600803375244
3452,0,1,1,1,0.7490086555480957,0.662108838558197,0.8102343082427979,2.2213518619537354
842,1,1,1,1,0.7758457064628601,0.6706710457801819,0.7715809345245361,2.218097686767578
5194,0,1,1,1,0.7872142195701599,0.6547630429267883,0.775890588760376,2.217867851257324
353,1,1,1,1,0.7600642442703247,0.6583330631256104,0.7905428409576416,2.208940029144287
231,1,1,1,1,0.7643742561340332,0.6664525866508484,0.7775523066520691,2.2083792686462402
5134,1,1,1,1,0.8186794519424438,0.6104087233543396,0.7784538865089417,2.2075419425964355
1948,0,1,1,1,0.7701370120048523,0.6670030951499939,0.7702049016952515,2.2073450088500977
1328,0,1,1,1,0.7404918670654297,0.68886399269104,0.7737800478935242,2.2031359672546387
3640,1,1,1,1,0.7942526340484619,0.6421391367912292,0.7658154964447021,2.202207326889038
3630,0,1,1,1,0.6981812715530396,0.7093355059623718,0.7933899760246277,2.200906753540039
3745,0,1,1,1,0.7514092922210693,0.6624568700790405,0.7861430644989014,2.200009346008301
1684,1,1,1,1,0.8174878358840942,0.6070035696029663,0.7721424698829651,2.196633815765381
5612,1,1,1,1,0.7712281942367554,0.6556819081306458,0.7680725455284119,2.1949827671051025
4200,1,1,1,1,0.7192258238792419,0.7051346302032471,0.7703180313110352,2.194678544998169
7386,1,1,1,1,0.7405389547348022,0.6883487701416016,0.7644748091697693,2.1933624744415283
257,0,1,1,1,0.7783017754554749,0.657461941242218,0.7548126578330994,2.1905763149261475
5184,0,1,1,1,0.7856646180152893,0.7006433606147766,0.6939922571182251,2.180300235748291
3082,1,1,1,1,0.7717537879943848,0.6687895059585571,0.7341927289962769,2.1747360229492188
5260,0,1,1,1,0.7813770771026611,0.6507115364074707,0.7408095598220825,2.172898292541504
4111,1,1,1,1,0.775076150894165,0.6381622552871704,0.7585521340370178,2.171790599822998
7202,0,1,1,1,0.7473064661026001,0.6245259642601013,0.7937823534011841,2.165614604949951
2405,1,1,1,1,0.788021445274353,0.6033260226249695,0.76607346534729,2.1574208736419678
2168,0,1,1,1,0.7270856499671936,0.6626864075660706,0.7660205364227295,2.155792713165283
290,0,1,1,1,0.7743226885795593,0.620841920375824,0.7573158144950867,2.152480363845825
2991,1,1,1,1,0.743968665599823,0.6668639183044434,0.7413952350616455,2.1522278785705566
500,0,1,1,1,0.7497272491455078,0.5851170420646667,0.8153716325759888,2.1502161026000977
4633,1,1,1,1,0.7910863161087036,0.6440275311470032,0.7057510614395142,2.140864849090576
3983,1,1,1,1,0.7028831243515015,0.6537749171257019,0.782732367515564,2.139390468597412
4150,0,1,1,1,0.760339617729187,0.6278173327445984,0.750478208065033,2.1386351585388184
7024,1,1,1,1,0.7536168098449707,0.7032911777496338,0.6797484159469604,2.1366562843322754
3152,0,1,1,1,0.7576594352722168,0.6380894184112549,0.7406678199768066,2.1364166736602783
7764,1,1,1,1,0.7779276967048645,0.6283570528030396,0.7296972870826721,2.135982036590576
5731,0,1,1,1,0.7638121843338013,0.642034649848938,0.7290326356887817,2.1348795890808105
6450,1,1,1,1,0.7764636874198914,0.6211687922477722,0.7314655780792236,2.1290979385375977
6795,0,1,1,1,0.7751322388648987,0.5829904079437256,0.7656833529472351,2.1238059997558594
1777,1,1,1,1,0.7862144112586975,0.590286374092102,0.7454563975334167,2.121957302093506
6708,1,1,1,1,0.7720507979393005,0.5880957245826721,0.7598559260368347,2.120002508163452
6549,1,1,1,1,0.8165590167045593,0.6262725591659546,0.6771643161773682,2.1199958324432373
7434,1,1,1,1,0.7314666509628296,0.6458812952041626,0.7417278289794922,2.1190757751464844
3091,0,1,1,1,0.7462117671966553,0.6311013698577881,0.7402855753898621,2.11759877204895
7809,1,1,1,1,0.7911898493766785,0.6516172885894775,0.6739266514778137,2.1167337894439697
3004,1,1,1,1,0.7403491139411926,0.6648353338241577,0.7114807963371277,2.1166653633117676
6915,1,1,1,1,0.7407867312431335,0.6064841747283936,0.7680075168609619,2.115278482437134
7865,0,1,1,1,0.7522085309028625,0.6165528297424316,0.746369481086731,2.11513090133667
3956,1,1,1,1,0.7534781694412231,0.6312541961669922,0.730029821395874,2.114762306213379
6957,1,1,1,1,0.7328079342842102,0.6627456545829773,0.7177107334136963,2.113264322280884
7331,1,1,1,1,0.7562292218208313,0.6523098349571228,0.703844428062439,2.1123833656311035
7184,1,1,1,1,0.8233885169029236,0.6884081363677979,0.5989755392074585,2.110772132873535
4411,0,1,1,1,0.8026520609855652,0.5743863582611084,0.7315255403518677,2.1085638999938965
5163,1,1,1,1,0.7453125715255737,0.6378729939460754,0.7227810025215149,2.105966567993164
5185,1,1,1,1,0.6801208257675171,0.6523817181587219,0.7734436988830566,2.1059463024139404
5404,1,1,1,1,0.7699586153030396,0.6119205355644226,0.7218607664108276,2.1037397384643555
5433,1,1,1,1,0.6841307878494263,0.6169470548629761,0.801420271396637,2.1024980545043945
4736,0,1,1,1,0.7856455445289612,0.5607404112815857,0.7517408728599548,2.0981268882751465
6055,0,1,1,1,0.781480610370636,0.5687803626060486,0.7468122839927673,2.0970733165740967
136,1,1,1,1,0.7508859634399414,0.5736143589019775,0.7696672081947327,2.094167470932007
7855,1,1,1,1,0.6367703080177307,0.6687411069869995,0.787624180316925,2.0931355953216553
3679,1,1,1,1,0.7916474342346191,0.6420862674713135,0.6542619466781616,2.0879955291748047
7910,1,1,1,1,0.767023503780365,0.613700270652771,0.7068866491317749,2.0876102447509766
439,1,1,1,1,0.7383966445922852,0.617350697517395,0.7318102121353149,2.087557554244995
2451,0,1,1,1,0.7228003144264221,0.5897066593170166,0.7720068693161011,2.0845136642456055
5503,1,1,1,1,0.7176063060760498,0.6337370872497559,0.7314392924308777,2.082782745361328
5286,0,1,1,1,0.7923212051391602,0.6273732781410217,0.6592071652412415,2.078901529312134
5943,1,1,1,1,0.7717862725257874,0.6309106349945068,0.6758984923362732,2.0785953998565674
4061,0,1,1,1,0.7638481855392456,0.6266826391220093,0.6876665949821472,2.078197479248047
973,1,1,1,1,0.7612101435661316,0.6245855689048767,0.6909677386283875,2.076763391494751
369,0,1,1,1,0.7115578055381775,0.6577590703964233,0.7071477174758911,2.0764646530151367
972,1,1,1,1,0.7735233902931213,0.6424109935760498,0.6593120694160461,2.0752463340759277
6944,1,1,1,1,0.7762593030929565,0.5776543617248535,0.7190327048301697,2.072946310043335
7315,0,1,1,1,0.7355065941810608,0.5626850724220276,0.7721042633056641,2.070295810699463
4052,0,1,1,1,0.7367405295372009,0.5563106536865234,0.7770299911499023,2.0700812339782715
1075,0,1,1,1,0.7176634669303894,0.6502765417098999,0.6962710618972778,2.064210891723633
838,1,1,1,1,0.7827663421630859,0.5585219264030457,0.7196471691131592,2.0609354972839355
3382,1,1,1,1,0.7611836194992065,0.602670431137085,0.6961819529533386,2.0600359439849854
5747,0,1,1,1,0.7429329752922058,0.6066251397132874,0.7094253301620483,2.058983325958252
409,1,1,1,1,0.7266442775726318,0.5971980690956116,0.7346476316452026,2.0584897994995117
5873,1,1,1,1,0.747579038143158,0.6065205931663513,0.7038353085517883,2.0579349994659424
437,0,1,1,1,0.7005777955055237,0.6187736392021179,0.7384217381477356,2.0577731132507324
262,0,1,1,1,0.706240713596344,0.5976278185844421,0.7525933384895325,2.056461811065674
603,0,1,1,1,0.7717000246047974,0.5891481637954712,0.6953534483909607,2.056201696395874
1206,0,1,1,1,0.7520760297775269,0.6175162196159363,0.6851611733436584,2.054753303527832
1751,0,1,1,1,0.7493460774421692,0.5697399973869324,0.7348527908325195,2.053938865661621
978,1,1,1,1,0.7388157844543457,0.6011509299278259,0.709356427192688,2.049323081970215
6083,0,1,1,1,0.7803715467453003,0.5859471559524536,0.6822866797447205,2.048605442047119
4649,1,1,1,1,0.6693224310874939,0.6258278489112854,0.753077507019043,2.0482277870178223
4924,0,1,1,1,0.7458583116531372,0.5494943261146545,0.752024233341217,2.047376871109009
6250,1,1,1,1,0.7561380863189697,0.5870193243026733,0.7038725018501282,2.047029972076416
1432,0,1,1,1,0.7623192071914673,0.55646812915802,0.7267947196960449,2.0455820560455322
2598,1,1,1,1,0.7709064483642578,0.5546979904174805,0.714687705039978,2.040292263031006
817,0,1,1,1,0.6850690245628357,0.5480570793151855,0.8061494827270508,2.039275646209717
2552,1,1,1,1,0.74415522813797,0.5565122365951538,0.73690265417099,2.0375702381134033
3771,1,1,1,1,0.740720272064209,0.5468297600746155,0.7498868703842163,2.0374369621276855
7469,0,1,1,1,0.7208045721054077,0.6433128714561462,0.6727020740509033,2.0368194580078125
1251,1,1,1,1,0.7578251957893372,0.5882052779197693,0.6899192929267883,2.03594970703125
4768,1,1,1,1,0.7595995664596558,0.5813255310058594,0.6928926706314087,2.033817768096924
210,1,1,1,1,0.739185094833374,0.5797038674354553,0.7140621542930603,2.0329511165618896
1085,1,1,1,1,0.7574282884597778,0.5506942868232727,0.7206642031669617,2.0287868976593018
7971,0,1,1,1,0.7077292203903198,0.6060512065887451,0.7136025428771973,2.0273828506469727
3086,0,1,1,1,0.7154691219329834,0.5932176113128662,0.7184401750564575,2.0271267890930176
5125,1,1,1,1,0.8069179654121399,0.5581366419792175,0.6585623621940613,2.0236170291900635
6796,0,1,1,1,0.7728257775306702,0.607498049736023,0.6414787173271179,2.0218026638031006
7480,1,1,1,1,0.7140910625457764,0.6232123970985413,0.6834602355957031,2.020763635635376
59,1,1,1,1,0.7399821877479553,0.5917459726333618,0.6859346032142639,2.017662763595581
6497,1,1,1,1,0.7409452795982361,0.5718209147453308,0.7048816084861755,2.0176477432250977
464,1,1,1,1,0.7477662563323975,0.6240173578262329,0.6452284455299377,2.017012119293213
1580,0,1,1,1,0.6559552550315857,0.6351574063301086,0.7241520881652832,2.0152647495269775
6256,0,1,1,1,0.6969906091690063,0.556638240814209,0.7608845829963684,2.0145134925842285
2982,0,1,1,1,0.7263203859329224,0.5513020157814026,0.7368593215942383,2.014481782913208
5686,0,1,1,1,0.7670260667800903,0.48309263586997986,0.7627356052398682,2.0128543376922607
1769,1,1,1,1,0.7461174726486206,0.5784255266189575,0.6870419979095459,2.011584997177124
7667,1,1,1,1,0.7119058966636658,0.6079356670379639,0.6913808584213257,2.0112223625183105
1101,1,1,1,1,0.7065945267677307,0.6046304702758789,0.6979533433914185,2.0091781616210938
295,1,1,1,1,0.6971659660339355,0.5652391314506531,0.7457632422447205,2.0081684589385986
6091,0,1,1,1,0.7172545790672302,0.5757294297218323,0.7148778438568115,2.007861852645874
3318,1,1,1,1,0.6577946543693542,0.6239219307899475,0.7258678078651428,2.0075843334198
686,1,1,1,1,0.7701221704483032,0.5615679621696472,0.6745082139968872,2.0061984062194824
7792,0,1,1,1,0.7671260833740234,0.5199527144432068,0.7164386510848999,2.0035176277160645
3443,0,1,1,1,0.667403519153595,0.5980322360992432,0.7358515858650208,2.0012872219085693
3339,0,1,1,1,0.7318659424781799,0.5679008960723877,0.7006780505180359,2.0004448890686035
6310,1,1,1,1,0.7170114517211914,0.5948350429534912,0.6866888999938965,1.998535394668579
3871,1,1,1,1,0.6802282929420471,0.5776048898696899,0.7404978275299072,1.998331069946289
7552,1,1,1,1,0.7386084198951721,0.5763464570045471,0.6829866766929626,1.997941493988037
1813,1,1,1,1,0.783139169216156,0.5288702845573425,0.6840596199035645,1.996069073677063
974,1,1,1,1,0.7673214077949524,0.5635626316070557,0.6651354432106018,1.9960193634033203
5525,1,1,1,1,0.7346019148826599,0.5297689437866211,0.72947096824646,1.9938418865203857
3142,0,1,1,1,0.7259114384651184,0.5912683010101318,0.6743093729019165,1.991489052772522
4885,1,1,1,1,0.7187158465385437,0.5605279803276062,0.7119861245155334,1.9912300109863281
1957,1,1,1,1,0.7290710806846619,0.591370701789856,0.670157790184021,1.990599513053894
7206,1,1,1,1,0.6954188346862793,0.5141811370849609,0.7764492034912109,1.9860491752624512
3209,0,1,1,1,0.7434493899345398,0.5571547746658325,0.6835874915122986,1.984191656112671
2378,1,1,1,1,0.7074709534645081,0.5565882921218872,0.7188720107078552,1.98293137550354
7807,0,1,1,1,0.85819411277771,0.5362634658813477,0.5873839855194092,1.9818415641784668
3047,0,1,1,1,0.6865330338478088,0.6025499701499939,0.6908459663391113,1.979928970336914
2370,1,1,1,1,0.7430993914604187,0.5614572763442993,0.6752052307128906,1.9797618389129639
2849,1,1,1,1,0.6830732226371765,0.5736480355262756,0.7225334644317627,1.9792547225952148
5889,0,1,1,1,0.6971059441566467,0.5315197110176086,0.748802661895752,1.9774283170700073
4036,1,1,1,1,0.7325912714004517,0.5443284511566162,0.6991522312164307,1.9760719537734985
2878,0,1,1,1,0.7030930519104004,0.6265527009963989,0.6434457302093506,1.97309148311615
785,0,1,1,1,0.7811281681060791,0.5293809771537781,0.6616570353507996,1.9721662998199463
7295,1,1,1,1,0.7301163077354431,0.5472704172134399,0.6933287382125854,1.9707154035568237
2719,1,1,1,1,0.6669001579284668,0.5836121439933777,0.716702938079834,1.9672152996063232
3740,0,1,1,1,0.7102705240249634,0.576749324798584,0.6791589260101318,1.9661787748336792
5942,1,1,1,1,0.7266163229942322,0.5935831069946289,0.6456692814826965,1.9658687114715576
7280,0,1,1,1,0.677435040473938,0.5646277666091919,0.7233604788780212,1.965423345565796
4880,1,1,1,1,0.663965106010437,0.6010704040527344,0.7001354694366455,1.965170979499817
3069,0,1,1,1,0.729972779750824,0.5283153057098389,0.7049024105072021,1.9631905555725098
6854,1,1,1,1,0.7933998107910156,0.5837702751159668,0.5835654735565186,1.960735559463501
1549,1,1,1,1,0.7037792205810547,0.5697872042655945,0.6857472062110901,1.9593136310577393
2944,0,1,1,1,0.7276495099067688,0.5795539021492004,0.651267409324646,1.9584708213806152
3493,0,1,1,1,0.7666069865226746,0.5189123153686523,0.6725466251373291,1.9580659866333008
4006,1,1,1,1,0.6548392176628113,0.5704774856567383,0.7312620282173157,1.9565787315368652
7391,1,1,1,1,0.7418108582496643,0.5579114556312561,0.6554569005966187,1.955179214477539
1330,0,1,1,1,0.6805820465087891,0.5938637256622314,0.6806395649909973,1.955085277557373
2446,0,1,1,1,0.7171857357025146,0.5693695545196533,0.6678071618080139,1.954362392425537
1247,1,1,1,1,0.7060848474502563,0.5517805218696594,0.69484943151474,1.9527149200439453
1080,1,1,1,1,0.7405238747596741,0.5734362602233887,0.6385441422462463,1.9525041580200195
162,1,1,1,1,0.6718948483467102,0.5744053721427917,0.7026257514953613,1.9489259719848633
7727,1,1,1,1,0.685253381729126,0.5615320205688477,0.701353132724762,1.9481384754180908
7112,1,1,1,1,0.7824203372001648,0.5641963481903076,0.6007837057113647,1.947400450706482
5794,1,1,1,1,0.6972745656967163,0.5899020433425903,0.6589047908782959,1.9460813999176025
605,0,1,1,1,0.6839998364448547,0.5377286672592163,0.7235901951789856,1.9453186988830566
1321,1,1,1,1,0.6819525361061096,0.5867064595222473,0.6764698028564453,1.9451287984848022
5232,0,1,1,1,0.6914480924606323,0.5194168090820312,0.7340775728225708,1.9449424743652344
1108,1,1,1,1,0.7234947681427002,0.5695587396621704,0.6510028839111328,1.9440563917160034
921,1,1,1,1,0.7108675241470337,0.5415264368057251,0.6911313533782959,1.9435253143310547
5642,0,1,1,1,0.6478203535079956,0.5269243717193604,0.7665573358535767,1.9413020610809326
2215,1,1,1,1,0.6966723799705505,0.5537800192832947,0.6903298497200012,1.9407823085784912
5660,1,1,1,1,0.7125439643859863,0.5002923607826233,0.7273566722869873,1.9401929378509521
4896,1,1,1,1,0.8014833331108093,0.5282488465309143,0.610319197177887,1.9400513172149658
3010,0,1,1,1,0.6646915078163147,0.6009390354156494,0.671990156173706,1.9376206398010254
479,0,1,1,1,0.6575431823730469,0.6208900213241577,0.6582986116409302,1.9367318153381348
4041,0,1,1,1,0.6244146823883057,0.5388314723968506,0.773239254951477,1.9364854097366333
1146,0,1,1,1,0.7006452083587646,0.5245457887649536,0.7099573612213135,1.9351483583450317
1112,1,1,1,1,0.7043904662132263,0.5315355658531189,0.6984845995903015,1.934410572052002
3037,0,1,1,1,0.7235367894172668,0.5202673673629761,0.6902187466621399,1.9340229034423828
7782,1,1,1,1,0.6328634023666382,0.5609394311904907,0.7399921417236328,1.9337949752807617
5910,0,1,1,1,0.7356957793235779,0.5582640767097473,0.6392083168029785,1.9331681728363037
5395,0,1,1,1,0.705342173576355,0.5300647616386414,0.695900559425354,1.9313074350357056
6471,0,1,1,1,0.7021321058273315,0.5442767143249512,0.6844847798347473,1.9308936595916748
6012,0,1,1,1,0.6661674976348877,0.5728663802146912,0.6907093524932861,1.9297432899475098
4769,0,1,1,1,0.6463273763656616,0.5478180646896362,0.7336077690124512,1.927753210067749
3574,1,1,1,1,0.7363007068634033,0.48574137687683105,0.7053158283233643,1.9273579120635986
1766,0,1,1,1,0.6405543088912964,0.4872535765171051,0.7994405627250671,1.927248477935791
2820,0,1,1,1,0.6956818699836731,0.5377113819122314,0.6935296058654785,1.9269227981567383
3272,1,1,1,1,0.7277452945709229,0.5234050750732422,0.6756985187530518,1.9268488883972168
1106,1,1,1,1,0.659357488155365,0.5527864098548889,0.7141076326370239,1.9262515306472778
4847,1,1,1,1,0.7070428729057312,0.5369841456413269,0.6807557344436646,1.9247827529907227
1449,1,1,1,1,0.7322000861167908,0.48863282799720764,0.7039188742637634,1.9247517585754395
7544,1,1,1,1,0.6071800589561462,0.5096573233604431,0.8075472116470337,1.924384593963623
4095,1,1,1,1,0.6933521628379822,0.5399260520935059,0.6878076195716858,1.9210858345031738
6189,0,1,1,1,0.668131947517395,0.5423368215560913,0.706565797328949,1.91703462600708
3109,0,1,1,1,0.7370836138725281,0.4587344825267792,0.7197466492652893,1.915564775466919
854,1,1,1,1,0.6760105490684509,0.5718844532966614,0.6663620471954346,1.9142570495605469
1913,0,1,1,1,0.7390543818473816,0.465908408164978,0.7078643441200256,1.9128270149230957
5227,1,1,1,1,0.7259052991867065,0.5491061806678772,0.6356993317604065,1.9107108116149902
7736,0,1,1,1,0.7150245308876038,0.49955227971076965,0.6958067417144775,1.9103835821151733
35,0,1,1,1,0.7132403254508972,0.5591376423835754,0.6372083425521851,1.9095863103866577
3329,1,1,1,1,0.719656765460968,0.528326153755188,0.6604653596878052,1.908448338508606
7170,0,1,1,1,0.6965665817260742,0.5180112719535828,0.6932826638221741,1.907860517501831
7906,0,1,1,1,0.5778793096542358,0.4937914311885834,0.836014986038208,1.9076857566833496
6785,0,1,1,1,0.7174398303031921,0.546394407749176,0.6425674557685852,1.9064016342163086
6673,0,1,1,1,0.730663537979126,0.46658724546432495,0.7072558403015137,1.9045066833496094
6770,1,1,1,1,0.637673556804657,0.5761824250221252,0.6904141902923584,1.9042701721191406
7665,0,1,1,1,0.7177469730377197,0.5207152366638184,0.6644942760467529,1.902956485748291
3793,1,1,1,1,0.6282165050506592,0.5504602789878845,0.7234193086624146,1.902096152305603
944,1,1,1,1,0.6801043748855591,0.5738255381584167,0.6477606296539307,1.9016904830932617
6204,1,1,1,1,0.651914656162262,0.49284592270851135,0.7555199861526489,1.9002805948257446
6526,1,1,1,1,0.7320652604103088,0.5474376082420349,0.6187424659729004,1.8982453346252441
2681,1,1,1,1,0.688744068145752,0.5284416079521179,0.6805822849273682,1.8977680206298828
1984,1,1,1,1,0.7028762102127075,0.5381932258605957,0.6561682224273682,1.8972376585006714
4670,0,1,1,1,0.6423365473747253,0.5661309361457825,0.6862109899520874,1.8946784734725952
3485,1,1,1,1,0.7116154432296753,0.5073269605636597,0.6753368973731995,1.8942792415618896
5510,0,1,1,1,0.7613847851753235,0.47423842549324036,0.6580323576927185,1.89365553855896
66,1,1,1,1,0.6765044331550598,0.5384543538093567,0.6781201362609863,1.8930789232254028
6380,0,1,1,1,0.7966822981834412,0.48247092962265015,0.6134763360023499,1.892629623413086
7540,1,1,1,1,0.6641887426376343,0.541325569152832,0.6853968501091003,1.8909111022949219
2373,1,1,1,1,0.7115192413330078,0.4991379380226135,0.6797509789466858,1.8904080390930176
6089,0,1,1,1,0.6860443949699402,0.5723397135734558,0.6305644512176514,1.8889485597610474
1997,0,1,1,1,0.6716729402542114,0.526597797870636,0.689937949180603,1.8882087469100952
6413,0,1,1,1,0.7039549946784973,0.5259116888046265,0.6559725403785706,1.8858392238616943
7188,1,1,1,1,0.6777060627937317,0.5632889270782471,0.6441847681999207,1.8851797580718994
6080,1,1,1,1,0.7538566589355469,0.4934452176094055,0.6372127532958984,1.884514570236206
7314,0,1,1,1,0.6824887990951538,0.5494745373725891,0.6524325013160706,1.8843958377838135
1625,0,1,1,1,0.7098100185394287,0.5773813724517822,0.5964300036430359,1.8836214542388916
5970,0,1,1,1,0.6924940347671509,0.48023155331611633,0.7104771733283997,1.8832027912139893
5074,0,1,1,1,0.6748185157775879,0.5526919960975647,0.6544733643531799,1.881983757019043
3237,1,1,1,1,0.6788401007652283,0.5300289392471313,0.6713195443153381,1.8801884651184082
4980,1,1,1,1,0.7100717425346375,0.5519534349441528,0.6180331110954285,1.8800582885742188
250,0,1,1,1,0.7139543294906616,0.5411283373832703,0.6227970719337463,1.8778796195983887
2136,0,1,1,1,0.6772758960723877,0.5332226157188416,0.6671563386917114,1.8776549100875854
4935,1,1,1,1,0.6650534868240356,0.5718829035758972,0.6405907869338989,1.877527117729187
2110,1,1,1,1,0.6952314376831055,0.5151048898696899,0.6668672561645508,1.8772035837173462
5708,0,1,1,1,0.6822891235351562,0.5343338251113892,0.6590651869773865,1.875688076019287
6779,1,1,1,1,0.7101969718933105,0.5225701332092285,0.6421849727630615,1.8749520778656006
273,0,1,1,1,0.7058736681938171,0.4837993085384369,0.6851849555969238,1.8748579025268555
7414,1,1,1,1,0.6900752186775208,0.48373112082481384,0.6997431516647339,1.873549461364746
1882,1,1,1,1,0.6337133646011353,0.5984001755714417,0.6392802596092224,1.8713939189910889
545,1,1,1,1,0.6471842527389526,0.5253919959068298,0.6981377005577087,1.8707139492034912
1180,0,1,1,1,0.6316022872924805,0.5785881876945496,0.6595734357833862,1.869763970375061
7016,1,1,1,1,0.6947967410087585,0.5585678815841675,0.614307701587677,1.8676722049713135
7448,1,1,1,1,0.7203138470649719,0.508398711681366,0.6385563015937805,1.8672688007354736
4780,1,1,1,1,0.7155197262763977,0.4726760983467102,0.6774004101753235,1.8655962944030762
5158,0,1,1,1,0.6977838277816772,0.4684221148490906,0.6986262798309326,1.8648321628570557
1903,1,1,1,1,0.627131462097168,0.5790702104568481,0.658477246761322,1.8646788597106934
291,0,1,1,1,0.7054425477981567,0.50418621301651,0.6542803049087524,1.863909125328064
2323,0,1,1,1,0.6811162829399109,0.4973713755607605,0.6824336051940918,1.8609212636947632
7491,0,1,1,1,0.6363195180892944,0.536979079246521,0.6855468153953552,1.8588454723358154
2999,1,1,1,1,0.7631165981292725,0.45150160789489746,0.6424838900566101,1.8571021556854248
7703,0,1,1,1,0.7364805340766907,0.5221852660179138,0.5983791351318359,1.8570449352264404
246,1,1,1,1,0.6436055898666382,0.5437818169593811,0.669642984867096,1.8570303916931152
6932,1,1,1,1,0.6620532274246216,0.5425234436988831,0.6519076824188232,1.8564844131469727
2801,1,1,1,1,0.6745455265045166,0.5097997784614563,0.6720860600471497,1.856431245803833
994,1,1,1,1,0.7235803008079529,0.461527943611145,0.6712608933448792,1.8563690185546875
6959,0,1,1,1,0.6599916815757751,0.46392786502838135,0.7320678234100342,1.855987310409546
924,1,1,1,1,0.7126675248146057,0.4886457026004791,0.6531762480735779,1.8544895648956299
6019,1,1,1,1,0.6799161434173584,0.49705544114112854,0.6740682125091553,1.8510397672653198
2989,0,1,1,1,0.6868947744369507,0.5258041024208069,0.6381015181541443,1.8508005142211914
2618,0,1,1,1,0.6829332709312439,0.5124903321266174,0.6549885869026184,1.850412130355835
4509,1,1,1,1,0.675834059715271,0.5021459460258484,0.6723645925521851,1.8503445386886597
169,0,1,1,1,0.6929028630256653,0.49107110500335693,0.6652895212173462,1.8492635488510132
4468,1,1,1,1,0.6409149765968323,0.5332666635513306,0.6744852662086487,1.8486669063568115
4934,1,1,1,1,0.6793530583381653,0.5323235392570496,0.6368163228034973,1.8484928607940674
993,1,1,1,1,0.7219924926757812,0.5219310522079468,0.6039907336235046,1.847914218902588
4003,1,1,1,1,0.658997654914856,0.5374627113342285,0.6513946056365967,1.8478549718856812
6486,1,1,1,1,0.6624110341072083,0.5444019436836243,0.6408362984657288,1.847649335861206
2375,0,1,1,1,0.6901873350143433,0.503444492816925,0.6531123518943787,1.8467442989349365
5812,0,1,1,1,0.6593253016471863,0.5073145031929016,0.6800343990325928,1.8466742038726807
7050,0,1,1,1,0.5647081732749939,0.5633485317230225,0.7183756828308105,1.8464324474334717
7068,0,1,1,1,0.7034540772438049,0.5124808549880981,0.6288082599639893,1.844743251800537
6328,0,1,1,1,0.6902188658714294,0.49166563153266907,0.6626023054122925,1.8444868326187134
5383,0,1,1,1,0.6933135986328125,0.4709167182445526,0.6793299913406372,1.8435603380203247
3796,1,1,1,1,0.6390089392662048,0.5533853769302368,0.6502121090888977,1.8426063060760498
6528,1,1,1,1,0.622495174407959,0.4665302634239197,0.7509832978248596,1.8400087356567383
1115,1,1,1,1,0.6512095332145691,0.47613590955734253,0.707949697971344,1.8352952003479004
7405,0,1,1,1,0.6080372333526611,0.48859140276908875,0.7386170029640198,1.8352456092834473
6600,0,1,1,1,0.6652389168739319,0.5604421496391296,0.6092209815979004,1.834902048110962
5414,1,1,1,1,0.7358707189559937,0.4790036082267761,0.6200058460235596,1.8348801136016846
3790,0,1,1,1,0.6801046133041382,0.5365284085273743,0.6178287267684937,1.8344618082046509
3248,1,1,1,1,0.6718870401382446,0.5451173186302185,0.6173644065856934,1.8343687057495117
4878,1,1,1,1,0.7268586158752441,0.4847281277179718,0.6220526099205017,1.83363938331604
2639,1,1,1,1,0.6498368978500366,0.5155423879623413,0.666538655757904,1.8319180011749268
2706,1,1,1,1,0.6899338960647583,0.48186641931533813,0.6600908041000366,1.8318911790847778
5875,0,1,1,1,0.7015272378921509,0.5217679738998413,0.6081044673919678,1.83139967918396
4743,0,1,1,1,0.7165175676345825,0.47615331411361694,0.6385200023651123,1.831190824508667
7506,1,1,1,1,0.7630631327629089,0.514335572719574,0.552044153213501,1.8294428586959839
2584,1,1,1,1,0.6616058349609375,0.4805005192756653,0.6867310404777527,1.8288373947143555
5139,1,1,1,1,0.6843531727790833,0.47618240118026733,0.6678190231323242,1.8283545970916748
5144,1,1,1,1,0.5714671611785889,0.4841203987598419,0.7723621129989624,1.8279496431350708
671,0,1,1,1,0.6517316699028015,0.5535048246383667,0.6218323707580566,1.82706880569458
1426,1,1,1,1,0.7148476243019104,0.5292696952819824,0.5828928351402283,1.827010154724121
3646,0,1,1,1,0.6583306193351746,0.5585257411003113,0.6075255274772644,1.8243818283081055
5463,0,1,1,1,0.6928707957267761,0.46675339341163635,0.6637666821479797,1.8233909606933594
7720,0,1,1,1,0.7064101099967957,0.4888423979282379,0.6278772950172424,1.8231298923492432
6763,1,1,1,1,0.7287282943725586,0.4937450587749481,0.5963471531867981,1.8188204765319824
7784,1,1,1,1,0.6513508558273315,0.5258823037147522,0.6414220333099365,1.818655252456665
836,1,1,1,1,0.7093133330345154,0.5350271463394165,0.5730836391448975,1.8174240589141846
235,0,1,1,1,0.6831289529800415,0.5501115918159485,0.5835363268852234,1.816776990890503
3920,0,1,1,1,0.6571173667907715,0.5377512574195862,0.6208444237709045,1.8157129287719727
4730,1,1,1,1,0.6879367828369141,0.5059669017791748,0.6216439604759216,1.8155477046966553
662,0,1,1,1,0.6339073181152344,0.532809853553772,0.6478761434555054,1.8145933151245117
1946,1,1,1,1,0.6694576144218445,0.4862399697303772,0.6581623554229736,1.8138599395751953
63,1,1,1,1,0.6285938620567322,0.4943540096282959,0.6900485157966614,1.8129963874816895
5261,1,1,1,1,0.6947003602981567,0.5015442371368408,0.6164738535881042,1.812718391418457
6037,1,1,1,1,0.6468032002449036,0.5220559239387512,0.6421902775764465,1.811049461364746
3253,0,1,1,1,0.5967602133750916,0.5272291302680969,0.6854703426361084,1.8094596862792969
7849,0,1,1,1,0.6942686438560486,0.5034947395324707,0.611198365688324,1.8089618682861328
7524,0,1,1,1,0.7026954293251038,0.45467302203178406,0.6515529751777649,1.8089213371276855
6674,0,1,1,1,0.672879159450531,0.4772850275039673,0.6575972437858582,1.8077614307403564
4508,0,1,1,1,0.7097713947296143,0.4848819971084595,0.6124786734580994,1.8071320056915283
1995,0,1,1,1,0.6544925570487976,0.4784916341304779,0.6722685098648071,1.8052526712417603
7255,0,1,1,1,0.6971455812454224,0.49027666449546814,0.6163120865821838,1.803734302520752
3202,1,1,1,1,0.7391672730445862,0.4801599681377411,0.5829644203186035,1.8022916316986084
3087,0,1,1,1,0.6768202781677246,0.4812420904636383,0.6441954970359802,1.802257776260376
3802,0,1,1,1,0.6649375557899475,0.4802550971508026,0.6566967964172363,1.801889419555664
1598,0,1,1,1,0.723724365234375,0.48847001791000366,0.5893536806106567,1.8015481233596802
5308,1,1,1,1,0.7532137632369995,0.4757310748100281,0.5721516609191895,1.8010964393615723
2308,0,1,1,1,0.6484699249267578,0.5284903645515442,0.6210529208183289,1.7980132102966309
6065,0,1,1,1,0.6744125485420227,0.4805680811405182,0.6429142951965332,1.7978949546813965
1055,1,1,1,1,0.6673778891563416,0.4985824525356293,0.6313754916191101,1.7973358631134033
7348,0,1,1,1,0.632541298866272,0.4830217659473419,0.6816080808639526,1.7971711158752441
3206,0,1,1,1,0.6809583902359009,0.4581601023674011,0.6575735807418823,1.7966920137405396
3866,1,1,1,1,0.6522413492202759,0.4942116439342499,0.6489055752754211,1.795358657836914
6984,0,1,1,1,0.6660231351852417,0.5285308361053467,0.6005972623825073,1.7951512336730957
4237,0,1,1,1,0.6756060123443604,0.5030236840248108,0.615947425365448,1.7945771217346191
2410,1,1,1,1,0.6873571872711182,0.4848780930042267,0.621469259262085,1.7937045097351074
6442,0,1,1,1,0.7493405938148499,0.42842981219291687,0.6155762672424316,1.793346643447876
2352,0,1,1,1,0.6832612752914429,0.48351967334747314,0.625842273235321,1.7926232814788818
5142,1,1,1,1,0.6711384654045105,0.4844582676887512,0.6358379125595093,1.791434645652771
6231,0,1,1,1,0.6871886253356934,0.4882664978504181,0.6157351732254028,1.791190266609192
2148,0,1,1,1,0.6794127225875854,0.39920780062675476,0.712212860584259,1.7908334732055664
5831,0,1,1,1,0.6407400369644165,0.49261194467544556,0.6568090319633484,1.7901611328125
7042,0,1,1,1,0.6834606528282166,0.4534621834754944,0.6523280143737793,1.7892508506774902
7996,1,1,1,1,0.622437596321106,0.45056286454200745,0.7161201238632202,1.7891205549240112
4164,1,1,1,1,0.6740566492080688,0.39280715584754944,0.7220771908760071,1.7889409065246582
3118,0,1,1,1,0.700344979763031,0.44721782207489014,0.6410692930221558,1.7886320352554321
3798,0,1,1,1,0.6698346138000488,0.4916705787181854,0.6267348527908325,1.7882400751113892
2252,0,1,1,1,0.6793485879898071,0.4609852135181427,0.6471880078315735,1.7875218391418457
2251,1,1,1,1,0.6448317170143127,0.5274243950843811,0.6152203679084778,1.7874765396118164
4866,1,1,1,1,0.7041347622871399,0.4281904995441437,0.6544113159179688,1.7867366075515747
6003,1,1,1,1,0.6454766392707825,0.46757772564888,0.6736705303192139,1.7867249250411987
2112,1,1,1,1,0.6960288286209106,0.4950600266456604,0.5956131219863892,1.786702036857605
875,0,1,1,1,0.6425914168357849,0.49551916122436523,0.6484977006912231,1.786608338356018
6001,0,1,1,1,0.6932274103164673,0.48865652084350586,0.6036937832832336,1.7855777740478516
4547,0,1,1,1,0.6063669919967651,0.5080710053443909,0.6700881123542786,1.7845261096954346
786,0,1,1,1,0.6708201766014099,0.50492262840271,0.607059121131897,1.7828019857406616
7844,1,1,1,1,0.6659631729125977,0.46896690130233765,0.6476932168006897,1.782623291015625
95,0,1,1,1,0.6890736818313599,0.4178510010242462,0.6742850542068481,1.7812097072601318
3611,1,1,1,1,0.6742609739303589,0.500806987285614,0.6060941219329834,1.7811620235443115
5736,1,1,1,1,0.7566161751747131,0.4788755774497986,0.5455745458602905,1.7810662984848022
449,1,1,1,1,0.7084391713142395,0.48645296692848206,0.583280622959137,1.7781727313995361
3712,1,1,1,1,0.7274894118309021,0.42885276675224304,0.6217852234840393,1.7781274318695068
1421,0,1,1,1,0.6548154950141907,0.4864751994609833,0.6357676386833191,1.7770583629608154
6590,0,1,1,1,0.6607293486595154,0.49793916940689087,0.6180614233016968,1.776729941368103
4567,0,1,1,1,0.7129635810852051,0.43286290764808655,0.6305514574050903,1.7763779163360596
4904,1,1,1,1,0.66447514295578,0.44897621870040894,0.6628512144088745,1.7763025760650635
6913,0,1,1,1,0.5818939208984375,0.44898587465286255,0.7454190850257874,1.7762987613677979
4147,0,1,1,1,0.7256209850311279,0.495218425989151,0.5553716421127319,1.7762110233306885
5764,0,1,1,1,0.6605389714241028,0.4787573516368866,0.6368709802627563,1.7761672735214233
4288,0,1,1,1,0.637042760848999,0.485277384519577,0.653708279132843,1.7760283946990967
2111,0,1,1,1,0.6419376134872437,0.48675301671028137,0.6468415856361389,1.7755322456359863
7009,0,1,1,1,0.6207462549209595,0.47911593317985535,0.6730006337165833,1.7728629112243652
3510,0,1,1,1,0.6679179072380066,0.4737612307071686,0.6303572058677673,1.7720363140106201
3810,0,1,1,1,0.7136066555976868,0.47010257840156555,0.5856809616088867,1.7693902254104614
2293,0,1,1,1,0.6751888990402222,0.5063595771789551,0.585390031337738,1.7669384479522705
1305,1,1,1,1,0.6320956349372864,0.49303871393203735,0.641503632068634,1.7666380405426025
6699,0,1,1,1,0.6485391855239868,0.5149137377738953,0.6024590134620667,1.7659118175506592
5911,1,1,1,1,0.6122519373893738,0.4662174582481384,0.6861646175384521,1.7646340131759644
6187,0,1,1,1,0.735079824924469,0.430983304977417,0.5980162024497986,1.7640793323516846
4246,1,1,1,1,0.6710113286972046,0.451727956533432,0.6412632465362549,1.7640025615692139
7947,0,1,1,1,0.666189968585968,0.528994619846344,0.5684195160865784,1.7636041641235352
3965,0,1,1,1,0.6314508318901062,0.5065321326255798,0.6252856850624084,1.7632687091827393
4612,0,1,1,1,0.6943274736404419,0.4981781244277954,0.5701740980148315,1.7626796960830688
4895,1,1,1,1,0.6506251096725464,0.4664752185344696,0.6410643458366394,1.758164644241333
3341,0,1,1,1,0.6735216379165649,0.4631129801273346,0.6205949783325195,1.7572295665740967
2497,0,1,1,1,0.5808471441268921,0.4647839665412903,0.7110803723335266,1.756711483001709
2196,0,1,1,1,0.6253336071968079,0.5110728740692139,0.6202384233474731,1.75664484500885
2107,1,1,1,1,0.614026665687561,0.442179799079895,0.7003545761108398,1.756561040878296
991,0,1,1,1,0.6696280241012573,0.4362049102783203,0.6495687961578369,1.7554017305374146
5107,1,1,1,1,0.6678171753883362,0.45775583386421204,0.6297993659973145,1.755372405052185
3926,1,1,1,1,0.6703789234161377,0.4454960227012634,0.6392949223518372,1.7551698684692383
1440,1,1,1,1,0.7578421831130981,0.4439896047115326,0.5530718564987183,1.7549036741256714
5981,1,1,1,1,0.6854023337364197,0.3920905292034149,0.6766604781150818,1.7541532516479492
2039,1,1,1,1,0.6947224140167236,0.4378654956817627,0.6214812397956848,1.7540690898895264
6335,1,1,1,1,0.6161988377571106,0.5399331450462341,0.5977492332458496,1.7538812160491943
4802,1,1,1,1,0.7128362059593201,0.3938765823841095,0.646386444568634,1.7530992031097412
5352,1,1,1,1,0.6933148503303528,0.44532546401023865,0.6139879822731018,1.7526283264160156
6558,1,1,1,1,0.6857612729072571,0.5006956458091736,0.5654802322387695,1.7519371509552002
90,0,1,1,1,0.6826791167259216,0.40465492010116577,0.664198637008667,1.7515326738357544
3445,0,1,1,1,0.6308051347732544,0.4984227120876312,0.6219077110290527,1.7511355876922607
1832,1,1,1,1,0.6848833560943604,0.44412103295326233,0.619893491268158,1.7488977909088135
6284,0,1,1,1,0.6498810052871704,0.4318615198135376,0.6670620441436768,1.7488045692443848
3399,0,1,1,1,0.6699203848838806,0.4848736524581909,0.5923199653625488,1.7471139430999756
7559,0,1,1,1,0.6861134171485901,0.46540918946266174,0.5952084064483643,1.7467310428619385
3418,0,1,1,1,0.7415284514427185,0.4716043770313263,0.5323077440261841,1.7454406023025513
2808,1,1,1,1,0.6900927424430847,0.5028400421142578,0.5524359345436096,1.7453687191009521
5095,0,1,1,1,0.6768374443054199,0.46089863777160645,0.6074663996696472,1.7452025413513184
2700,0,1,1,1,0.6510529518127441,0.48070764541625977,0.6129191517829895,1.7446796894073486
3119,0,1,1,1,0.626172661781311,0.5115506052970886,0.6063694357872009,1.7440927028656006
7061,0,1,1,1,0.6832039952278137,0.48359403014183044,0.5772532820701599,1.744051218032837
6105,0,1,1,1,0.7269663214683533,0.4330765902996063,0.583561897277832,1.7436047792434692
5020,1,1,1,1,0.7319886684417725,0.45430615544319153,0.5570573806762695,1.7433521747589111
7596,0,1,1,1,0.6391393542289734,0.4796283543109894,0.6245185136795044,1.7432862520217896
5485,1,1,1,1,0.6896497011184692,0.45189791917800903,0.6011573076248169,1.74270498752594
5718,0,1,1,1,0.5587169528007507,0.511437714099884,0.6723288893699646,1.7424836158752441
7977,0,1,1,1,0.6613657474517822,0.42323580384254456,0.6568490862846375,1.741450548171997
351,1,1,1,1,0.6573240756988525,0.4803106486797333,0.6038113236427307,1.7414460182189941
5361,0,1,1,1,0.6003873348236084,0.5089975595474243,0.6319978833198547,1.7413828372955322
858,0,1,1,1,0.6144546866416931,0.4909544587135315,0.6357098817825317,1.7411190271377563
5434,0,1,1,1,0.7183597683906555,0.49009469151496887,0.532406210899353,1.7408607006072998
5662,1,1,1,1,0.643508791923523,0.5090253353118896,0.5880316495895386,1.7405657768249512
2498,1,1,1,1,0.6087950468063354,0.5211846232414246,0.6105169057846069,1.7404965162277222
4626,1,1,1,1,0.6514819264411926,0.45078080892562866,0.638045072555542,1.7403078079223633
3413,1,1,1,1,0.6092442274093628,0.40748751163482666,0.7233580350875854,1.740089774131775
323,1,1,1,1,0.6380369067192078,0.45536568760871887,0.646102786064148,1.739505410194397
6036,0,1,1,1,0.6536482572555542,0.41947075724601746,0.6653455495834351,1.738464593887329
1729,1,1,1,1,0.6794321537017822,0.4673205614089966,0.5915669202804565,1.7383196353912354
4689,1,1,1,1,0.6581965088844299,0.48657524585723877,0.5931631326675415,1.737934947013855
119,0,1,1,1,0.6392053365707397,0.4096758961677551,0.6889175176620483,1.737798810005188
1450,0,1,1,1,0.6452932953834534,0.5091928243637085,0.583254337310791,1.7377405166625977
4453,0,1,1,1,0.7193056344985962,0.44049394130706787,0.5771300792694092,1.7369296550750732
6377,1,1,1,1,0.6702113151550293,0.4691125154495239,0.5971531867980957,1.736477017402649
6398,1,1,1,1,0.67609703540802,0.4403975009918213,0.6198025345802307,1.7362971305847168
3370,1,1,1,1,0.7020275592803955,0.44305339455604553,0.5901880860328674,1.7352690696716309
975,0,1,1,1,0.6498415470123291,0.4810200035572052,0.6040168404579163,1.7348783016204834
590,0,1,1,1,0.6438384056091309,0.47096604108810425,0.6186550855636597,1.7334595918655396
4574,0,1,1,1,0.7050747275352478,0.4295094907283783,0.5972654223442078,1.7318496704101562
6469,1,1,1,1,0.6406437754631042,0.4757244884967804,0.6149580478668213,1.7313263416290283
1463,0,1,1,1,0.6506261825561523,0.4616010785102844,0.6189520955085754,1.7311792373657227
381,0,1,1,1,0.6444125175476074,0.43513330817222595,0.651311457157135,1.7308573722839355
3966,0,1,1,1,0.7311845421791077,0.3873022198677063,0.6107447147369385,1.7292314767837524
1041,0,1,1,1,0.6633888483047485,0.4300435185432434,0.6347845196723938,1.7282168865203857
1944,1,1,1,1,0.6560071110725403,0.4688521921634674,0.6025153398513794,1.7273746728897095
2683,1,1,1,1,0.6940993070602417,0.44188374280929565,0.5912723541259766,1.7272553443908691
1077,0,1,1,1,0.5458360314369202,0.4996805489063263,0.6810212135314941,1.726537823677063
727,0,1,1,1,0.6711717844009399,0.43920737504959106,0.6149557828903198,1.7253350019454956
2591,1,1,1,1,0.6571934223175049,0.4997977912425995,0.5674927234649658,1.7244839668273926
7278,1,1,1,1,0.6970929503440857,0.49445515871047974,0.5320229530334473,1.7235710620880127
6000,0,1,1,1,0.6300654411315918,0.5213168263435364,0.5717329978942871,1.7231152057647705
7636,1,1,1,1,0.6660130620002747,0.44854736328125,0.6077732443809509,1.7223336696624756
5,1,1,1,1,0.7081679701805115,0.4530276656150818,0.5607026815414429,1.7218983173370361
2027,1,1,1,1,0.6454469561576843,0.44195905327796936,0.6336792707443237,1.7210853099822998
2425,1,1,1,1,0.5461139678955078,0.4709644019603729,0.703366756439209,1.720445156097412
562,1,1,1,1,0.6220788955688477,0.5022733211517334,0.5937855243682861,1.7181377410888672
1587,1,1,1,1,0.7052454352378845,0.477022260427475,0.5346712470054626,1.7169389724731445
635,1,1,1,1,0.7043461799621582,0.43707576394081116,0.5752306580543518,1.7166526317596436
3785,1,1,1,1,0.7142940163612366,0.398581326007843,0.6037511229515076,1.7166264057159424
1720,1,1,1,1,0.6290766596794128,0.4373006820678711,0.6475260257720947,1.7139034271240234
2055,1,1,1,1,0.6599741578102112,0.4960784912109375,0.5577255487442017,1.7137781381607056
7712,0,1,1,1,0.6833683252334595,0.42846956849098206,0.6015922427177429,1.7134301662445068
6963,0,1,1,1,0.5930715799331665,0.41858309507369995,0.7016940116882324,1.713348627090454
4319,0,1,1,1,0.6203056573867798,0.42913323640823364,0.6631976962089539,1.7126367092132568
7283,1,1,1,1,0.6778032779693604,0.45160120725631714,0.5827144980430603,1.7121191024780273
3441,0,1,1,1,0.6379625797271729,0.4785245954990387,0.5956099033355713,1.7120970487594604
3355,1,1,1,1,0.6294376254081726,0.482751727104187,0.5996671319007874,1.7118563652038574
4957,0,1,1,1,0.6423357129096985,0.45117390155792236,0.6176169514656067,1.7111265659332275
2160,1,1,1,1,0.6402074098587036,0.4669448435306549,0.602972686290741,1.7101249694824219
3839,0,1,1,1,0.6393446922302246,0.4666505753993988,0.604106068611145,1.7101013660430908
2119,1,1,1,1,0.6973171234130859,0.4321262836456299,0.580625593662262,1.710068941116333
5314,0,1,1,1,0.6518596410751343,0.47147151827812195,0.5864131450653076,1.7097443342208862
5857,1,1,1,1,0.6972628831863403,0.4609282314777374,0.5503131747245789,1.7085041999816895
3014,0,1,1,1,0.6274263262748718,0.430896520614624,0.6477143168449402,1.7060372829437256
1446,0,1,1,1,0.6477683186531067,0.4097922444343567,0.646916925907135,1.7044775485992432
6194,0,1,1,1,0.6402578949928284,0.45580580830574036,0.6079996824264526,1.7040634155273438
2031,0,1,1,1,0.5752838850021362,0.5532025694847107,0.5751704573631287,1.7036569118499756
4979,1,1,1,1,0.6416519284248352,0.46040111780166626,0.6009253263473511,1.7029783725738525
326,0,1,1,1,0.6286858320236206,0.44388628005981445,0.629535436630249,1.702107548713684
4603,1,1,1,1,0.6204657554626465,0.48725083470344543,0.5941752791404724,1.7018918991088867
863,0,1,1,1,0.6599745154380798,0.4429197609424591,0.5981024503707886,1.70099675655365
2426,0,1,1,1,0.6587820649147034,0.47081485390663147,0.5711694359779358,1.7007663249969482
5333,0,1,1,1,0.6569087505340576,0.4390888810157776,0.604591965675354,1.7005895376205444
310,0,1,1,1,0.6466479897499084,0.4860619008541107,0.5672783851623535,1.6999882459640503
3429,0,1,1,1,0.653188169002533,0.4986172020435333,0.5466421842575073,1.698447585105896
5405,1,1,1,1,0.704474151134491,0.38102033734321594,0.6116827726364136,1.6971772909164429
6244,1,1,1,1,0.6593001484870911,0.42290550470352173,0.6144691705703735,1.6966748237609863
7129,0,1,1,1,0.5831338763237,0.4823983311653137,0.630319356918335,1.6958515644073486
6295,0,1,1,1,0.628893256187439,0.4630689024925232,0.6032542586326599,1.695216417312622
5649,1,1,1,1,0.5872573256492615,0.4964334964752197,0.6108070015907288,1.69449782371521
3883,1,1,1,1,0.6151922941207886,0.4840616285800934,0.595053493976593,1.6943073272705078
7945,0,1,1,1,0.6113618016242981,0.4296182692050934,0.6532180309295654,1.6941981315612793
788,1,1,1,1,0.6185765266418457,0.4531165361404419,0.6218324303627014,1.6935255527496338
6992,0,1,1,1,0.6731760501861572,0.4176848232746124,0.6025478839874268,1.693408727645874
321,1,1,1,1,0.678592324256897,0.4207485318183899,0.5936099290847778,1.6929508447647095
6125,0,1,1,1,0.6668848395347595,0.4614998996257782,0.5644704103469849,1.6928551197052002
2925,1,1,1,1,0.634381890296936,0.4391151964664459,0.6192868947982788,1.6927839517593384
3541,0,1,1,1,0.6719722151756287,0.4792199432849884,0.5414330363273621,1.6926252841949463
4427,0,1,1,1,0.6606808304786682,0.3795309066772461,0.6520476937294006,1.6922593116760254
1806,0,1,1,1,0.6918711066246033,0.42952466011047363,0.570265531539917,1.6916613578796387
6039,1,1,1,1,0.6510582566261292,0.47505852580070496,0.5650374889373779,1.6911542415618896
913,1,1,1,1,0.6668800711631775,0.4598512351512909,0.5638963580131531,1.6906275749206543
4591,0,1,1,1,0.6898992657661438,0.40953153371810913,0.5911903381347656,1.6906211376190186
2524,1,1,1,1,0.6484670042991638,0.4043967127799988,0.6373106837272644,1.6901743412017822
6480,0,1,1,1,0.6584408283233643,0.45658639073371887,0.5748474597930908,1.6898746490478516
2132,1,1,1,1,0.6488128304481506,0.4562125504016876,0.5836275815963745,1.6886529922485352
1506,0,1,1,1,0.665600597858429,0.41403281688690186,0.6082080006599426,1.6878414154052734
7731,1,1,1,1,0.6194175481796265,0.4780009686946869,0.5903117656707764,1.687730312347412
970,0,1,1,1,0.6305489540100098,0.42473793029785156,0.632331132888794,1.6876180171966553
6017,0,1,1,1,0.594291627407074,0.4749525487422943,0.618289589881897,1.6875337362289429
2436,0,1,1,1,0.6175559163093567,0.4531467854976654,0.6166139245033264,1.687316656112671
4662,1,1,1,1,0.6059049963951111,0.4703855812549591,0.6105532050132751,1.6868438720703125
7437,0,1,1,1,0.6322215795516968,0.46410509943962097,0.5900680422782898,1.6863946914672852
5007,1,1,1,1,0.709430456161499,0.42939090728759766,0.547111988067627,1.6859333515167236
4096,0,1,1,1,0.6580304503440857,0.3599415123462677,0.6672087907791138,1.6851807832717896
7680,0,1,1,1,0.5990504622459412,0.46989738941192627,0.6157491207122803,1.684696912765503
4214,0,1,1,1,0.6363636255264282,0.5135971903800964,0.5344440340995789,1.6844048500061035
6974,0,1,1,1,0.6360005140304565,0.47281861305236816,0.5754967927932739,1.6843159198760986
6288,1,1,1,1,0.6371537446975708,0.4479426145553589,0.5979169011116028,1.6830132007598877
3801,1,1,1,1,0.6249125003814697,0.4457937479019165,0.6122815012931824,1.6829876899719238
4647,1,1,1,1,0.6064274907112122,0.47454050183296204,0.6012701988220215,1.682238221168518
857,1,1,1,1,0.6428136825561523,0.4102887511253357,0.6289641261100769,1.6820666790008545
415,0,1,1,1,0.5726222395896912,0.47292107343673706,0.636444091796875,1.6819874048233032
5577,0,1,1,1,0.5809916257858276,0.39929232001304626,0.7013276219367981,1.6816115379333496
5195,0,1,1,1,0.6463172435760498,0.43586984276771545,0.5988736152648926,1.6810606718063354
2211,0,1,1,1,0.5993842482566833,0.4141159653663635,0.6657610535621643,1.6792612075805664
149,0,1,1,1,0.6650972962379456,0.3648945093154907,0.6488915681838989,1.67888343334198
5593,0,1,1,1,0.593799352645874,0.480164498090744,0.6047998666763306,1.678763747215271
2635,0,1,1,1,0.6337842345237732,0.4467988908290863,0.5972363352775574,1.6778194904327393
935,0,1,1,1,0.6605865359306335,0.423435777425766,0.5937952399253845,1.6778175830841064
5919,1,1,1,1,0.5712672472000122,0.4543227553367615,0.652110755443573,1.6777007579803467
6725,1,1,1,1,0.6336362361907959,0.4496065080165863,0.5937259793281555,1.6769688129425049
1617,0,1,1,1,0.7070622444152832,0.42647209763526917,0.5433144569396973,1.6768487691879272
2339,0,1,1,1,0.6257479190826416,0.4424726068973541,0.6083311438560486,1.6765515804290771
4751,0,1,1,1,0.6286605000495911,0.4064762592315674,0.6397494077682495,1.6748861074447632
3157,0,1,1,1,0.6303240060806274,0.41847652196884155,0.6256508827209473,1.6744513511657715
789,1,1,1,1,0.6722818613052368,0.42253077030181885,0.5793630480766296,1.67417573928833
6989,0,1,1,1,0.6379511952400208,0.43806183338165283,0.5967103838920593,1.6727235317230225
1168,0,1,1,1,0.5737754702568054,0.47373464703559875,0.6246153116226196,1.6721254587173462
5539,0,1,1,1,0.6997542381286621,0.378299355506897,0.5939457416534424,1.6719993352890015
2940,1,1,1,1,0.5997228026390076,0.4484270513057709,0.6236848831176758,1.6718347072601318
6312,0,1,1,1,0.5977798700332642,0.47436726093292236,0.5996537804603577,1.6718008518218994
5105,1,1,1,1,0.5710718631744385,0.5092943906784058,0.5909644365310669,1.6713306903839111
7249,1,1,1,1,0.5910994410514832,0.4446893334388733,0.6355370283126831,1.6713258028030396
7421,0,1,1,1,0.6282938718795776,0.4780876338481903,0.5649303793907166,1.671311855316162
6418,0,1,1,1,0.6343684196472168,0.46682924032211304,0.5691128373146057,1.6703104972839355
3624,0,1,1,1,0.6053053140640259,0.4478464424610138,0.6168188452720642,1.6699705123901367
4221,1,1,1,1,0.609316885471344,0.4828403890132904,0.577683687210083,1.669840931892395
2262,1,1,1,1,0.7098811268806458,0.4189765751361847,0.5405016541481018,1.6693594455718994
4193,0,1,1,1,0.6067733764648438,0.47406625747680664,0.5885030627250671,1.6693427562713623
4952,0,1,1,1,0.6082037091255188,0.4704807698726654,0.5903763771057129,1.6690608263015747
4207,1,1,1,1,0.6082141995429993,0.41844213008880615,0.6420565843582153,1.6687129735946655
4712,1,1,1,1,0.5570026636123657,0.4701002538204193,0.641105592250824,1.6682085990905762
2596,1,1,1,1,0.6763085722923279,0.43146249651908875,0.5599928498268127,1.6677639484405518
5536,0,1,1,1,0.6428121328353882,0.4336565136909485,0.590945303440094,1.6674139499664307
3203,0,1,1,1,0.6144578456878662,0.46731114387512207,0.5856007933616638,1.6673698425292969
1791,1,1,1,1,0.5976606011390686,0.4724009037017822,0.5973000526428223,1.6673614978790283
885,0,1,1,1,0.6186887621879578,0.4624899625778198,0.586059033870697,1.6672377586364746
5241,0,1,1,1,0.7111058235168457,0.39988040924072266,0.553400993347168,1.6643872261047363
2920,1,1,1,1,0.6217724084854126,0.4412408471107483,0.6012731790542603,1.664286494255066
5772,0,1,1,1,0.6411573886871338,0.45454806089401245,0.5681971907615662,1.663902759552002
2525,1,1,1,1,0.6429198980331421,0.47871384024620056,0.5419737100601196,1.6636074781417847
960,1,1,1,1,0.6553130149841309,0.4485768675804138,0.5587128400802612,1.6626027822494507
2715,1,1,1,1,0.5843084454536438,0.39932480454444885,0.6789377927780151,1.6625710725784302
3782,0,1,1,1,0.6440274119377136,0.4365003705024719,0.581979513168335,1.6625072956085205
6805,1,1,1,1,0.6521916389465332,0.42318135499954224,0.5859922766685486,1.661365270614624
7018,0,1,1,1,0.6179628968238831,0.42913705110549927,0.6128112077713013,1.6599111557006836
2604,1,1,1,1,0.5742058157920837,0.4067515432834625,0.6784678101539612,1.6594252586364746
3427,1,1,1,1,0.6216722726821899,0.4433271586894989,0.594307541847229,1.6593070030212402
5259,0,1,1,1,0.705357551574707,0.3816469609737396,0.5721626877784729,1.6591672897338867
3284,0,1,1,1,0.6461371779441833,0.4460972547531128,0.5664993524551392,1.6587337255477905
6483,0,1,1,1,0.6067937612533569,0.40252989530563354,0.6493920087814331,1.6587156057357788
4851,0,1,1,1,0.5715055465698242,0.4593523442745209,0.6270945072174072,1.6579524278640747
6921,1,1,1,1,0.6077634692192078,0.42954427003860474,0.6202951073646545,1.6576027870178223
5640,0,1,1,1,0.6452715992927551,0.43770697712898254,0.5741478800773621,1.6571264266967773
4552,1,1,1,1,0.6070813536643982,0.37501242756843567,0.673768937587738,1.655862808227539
3598,0,1,1,1,0.6183835864067078,0.4628237783908844,0.5744114518165588,1.6556189060211182
1213,0,1,1,1,0.6255320906639099,0.4093826711177826,0.620328962802887,1.6552436351776123
2593,0,1,1,1,0.6095044016838074,0.45750316977500916,0.5880087614059448,1.655016303062439
4295,0,1,1,1,0.6045854091644287,0.4477645456790924,0.6026286482810974,1.6549785137176514
1980,1,1,1,1,0.6394519209861755,0.41545939445495605,0.6000446081161499,1.6549559831619263
1931,0,1,1,1,0.6571621894836426,0.4006009101867676,0.5970465540885925,1.6548097133636475
5973,0,1,1,1,0.6341548562049866,0.41304075717926025,0.6075445413589478,1.6547402143478394
5665,0,1,1,1,0.605534553527832,0.46092092990875244,0.5872757434844971,1.6537312269210815
3523,0,1,1,1,0.6123143434524536,0.3983081877231598,0.6420117020606995,1.6526341438293457
7684,1,1,1,1,0.6371830701828003,0.40110212564468384,0.6137113571166992,1.6519966125488281
5853,0,1,1,1,0.6548338532447815,0.39374467730522156,0.6025068163871765,1.651085376739502
5659,0,1,1,1,0.6013202667236328,0.4385305643081665,0.610995352268219,1.650846242904663
3115,0,1,1,1,0.7200987339019775,0.41827332973480225,0.5122051239013672,1.650577187538147
2234,0,1,1,1,0.6332042813301086,0.4134642779827118,0.6036487817764282,1.6503173112869263
4526,0,1,1,1,0.6476594805717468,0.4230654537677765,0.5795034766197205,1.650228500366211
2771,0,1,1,1,0.5509116053581238,0.44564175605773926,0.6523505449295044,1.6489038467407227
3107,0,1,1,1,0.6157656908035278,0.4793703854084015,0.5536239743232727,1.6487600803375244
6741,1,1,1,1,0.6592826247215271,0.4425468444824219,0.5468090176582336,1.6486384868621826
6589,1,1,1,1,0.6233853697776794,0.41858720779418945,0.6060094237327576,1.647982120513916
3773,1,1,1,1,0.6400141716003418,0.4306131601333618,0.5767048597335815,1.6473321914672852
2713,0,1,1,1,0.678351104259491,0.43512389063835144,0.5337496399879456,1.6472246646881104
4634,1,1,1,1,0.6078816652297974,0.489402174949646,0.5498563051223755,1.6471401453018188
5757,0,1,1,1,0.6560198068618774,0.4207562506198883,0.5698456764221191,1.6466217041015625
7121,1,1,1,1,0.5870703458786011,0.4692021906375885,0.5901375412940979,1.6464099884033203
4473,0,1,1,1,0.6095464825630188,0.4381468892097473,0.5983889698982239,1.6460824012756348
1683,0,1,1,1,0.6500635743141174,0.41302621364593506,0.5828968286514282,1.6459866762161255
2762,0,1,1,1,0.5952706933021545,0.4545024335384369,0.5953036546707153,1.6450767517089844
9,0,1,1,1,0.559719443321228,0.45232507586479187,0.6326135993003845,1.644658088684082
7204,0,1,1,1,0.6190400719642639,0.361663281917572,0.663514256477356,1.644217610359192
6232,0,1,1,1,0.6147059202194214,0.4426630735397339,0.5864230394363403,1.6437920331954956
3869,1,1,1,1,0.6108231544494629,0.45043444633483887,0.5824073553085327,1.6436649560928345
3805,0,1,1,1,0.6928552985191345,0.4154912829399109,0.5349414944648743,1.6432881355285645
1083,1,1,1,1,0.6705960631370544,0.45705756545066833,0.514272928237915,1.6419265270233154
2250,0,1,1,1,0.6153150796890259,0.4451371729373932,0.5810872316360474,1.641539454460144
5121,0,1,1,1,0.6620297431945801,0.4486684203147888,0.5307294726371765,1.641427755355835
4996,0,1,1,1,0.666955828666687,0.4335725009441376,0.5407495498657227,1.6412779092788696
4235,1,1,1,1,0.5679436922073364,0.46043166518211365,0.6123851537704468,1.6407605409622192
687,0,1,1,1,0.6631485223770142,0.40050792694091797,0.5764585733413696,1.6401150226593018
5455,1,1,1,1,0.6406693458557129,0.4562174379825592,0.5431228876113892,1.6400096416473389
4581,0,1,1,1,0.6273393034934998,0.4069750905036926,0.6044819355010986,1.638796329498291
2306,0,1,1,1,0.6097229719161987,0.4560413956642151,0.5725343823432922,1.638298749923706
2842,1,1,1,1,0.6366599798202515,0.4275077283382416,0.5734736323356628,1.637641429901123
187,1,1,1,1,0.6887191534042358,0.392551064491272,0.556369960308075,1.6376402378082275
3516,0,1,1,1,0.6171247959136963,0.43777143955230713,0.5813082456588745,1.636204481124878
2671,1,1,1,1,0.5949180722236633,0.4535375237464905,0.5877453684806824,1.6362009048461914
5297,0,1,1,1,0.5929964184761047,0.4721427857875824,0.5706245303153992,1.6357636451721191
1128,1,1,1,1,0.5800591707229614,0.4273076355457306,0.6276978254318237,1.6350646018981934
362,0,1,1,1,0.5946725606918335,0.4621630012989044,0.577027440071106,1.6338629722595215
1225,1,1,1,1,0.5493190884590149,0.4016382694244385,0.6820555329322815,1.6330128908157349
5670,1,1,1,1,0.6372485756874084,0.4315200448036194,0.5633829832077026,1.6321516036987305
7612,0,1,1,1,0.6310668587684631,0.43767839670181274,0.5633991360664368,1.6321444511413574
6603,1,1,1,1,0.618442177772522,0.4219757616519928,0.5908810496330261,1.6312990188598633
5890,0,1,1,1,0.6586886644363403,0.4305087625980377,0.5420916676521301,1.631289005279541
7916,0,1,1,1,0.5974240303039551,0.43174365162849426,0.601861834526062,1.631029486656189
5495,0,1,1,1,0.6303576231002808,0.43299600481987,0.5674577951431274,1.6308114528656006
4048,1,1,1,1,0.6696993112564087,0.41076651215553284,0.5498729944229126,1.6303387880325317
6280,0,1,1,1,0.5450587868690491,0.43288883566856384,0.6517310738563538,1.629678726196289
2490,0,1,1,1,0.6333683729171753,0.4338512718677521,0.5612632036209106,1.6284828186035156
968,1,1,1,1,0.6251507997512817,0.39929792284965515,0.6040271520614624,1.6284759044647217
2142,0,1,1,1,0.6473031044006348,0.447380006313324,0.533282995223999,1.6279661655426025
3456,1,1,1,1,0.5890679359436035,0.4449828267097473,0.5938343405723572,1.627885103225708
244,1,1,1,1,0.6009644269943237,0.49135977029800415,0.5352663993835449,1.6275906562805176
6427,1,1,1,1,0.7264097332954407,0.40004223585128784,0.5010186433792114,1.62747061252594
6024,0,1,1,1,0.6748371124267578,0.42542099952697754,0.5271623730659485,1.627420425415039
4530,1,1,1,1,0.6311284899711609,0.41956281661987305,0.5752092599868774,1.6259006261825562
5294,0,1,1,1,0.6178104877471924,0.3992058038711548,0.6087884902954102,1.6258047819137573
784,0,1,1,1,0.5524665117263794,0.44572433829307556,0.6271542310714722,1.6253451108932495
7788,1,1,1,1,0.5684232115745544,0.44863349199295044,0.6079921126365662,1.6250488758087158
7546,1,1,1,1,0.6752704381942749,0.41013044118881226,0.5394346714019775,1.62483549118042
5962,1,1,1,1,0.6013744473457336,0.43636712431907654,0.5868998765945435,1.6246414184570312
6990,0,1,1,1,0.6790669560432434,0.41912642121315,0.5263519883155823,1.6245453357696533
5223,0,1,1,1,0.6247656941413879,0.44731542468070984,0.5523085594177246,1.6243896484375
1376,0,1,1,1,0.6034311056137085,0.41513335704803467,0.6054151058197021,1.6239795684814453
7518,1,1,1,1,0.6343886852264404,0.4367027282714844,0.5528851747512817,1.6239765882492065
1021,1,1,1,1,0.6674787998199463,0.3762393295764923,0.5797179341316223,1.6234359741210938
2831,0,1,1,1,0.6342388987541199,0.39117956161499023,0.5979478359222412,1.623366355895996
112,1,1,1,1,0.5854034423828125,0.428116112947464,0.6094051599502563,1.6229246854782104
2314,0,1,1,1,0.5916646718978882,0.37817054986953735,0.6526071429252625,1.622442364692688
6184,1,1,1,1,0.6159350275993347,0.45628491044044495,0.5498650074005127,1.6220849752426147
6365,1,1,1,1,0.5732060670852661,0.5072754621505737,0.5413089394569397,1.6217904090881348
7186,0,1,1,1,0.6256055235862732,0.44068166613578796,0.5550642013549805,1.6213513612747192
3501,0,1,1,1,0.5890195369720459,0.43063244223594666,0.6016426086425781,1.621294617652893
1140,0,1,1,1,0.6230942606925964,0.4156167507171631,0.5815901756286621,1.6203012466430664
5033,1,1,1,1,0.5920150876045227,0.4011974334716797,0.6269429922103882,1.6201555728912354
113,0,1,1,1,0.5745305418968201,0.490355908870697,0.5543438792228699,1.6192302703857422
6309,1,1,1,1,0.5564802289009094,0.42357340455055237,0.6390030384063721,1.6190567016601562
6583,0,1,1,1,0.58160400390625,0.4716711938381195,0.5656583309173584,1.6189335584640503
1012,0,1,1,1,0.6570034027099609,0.42203018069267273,0.5397883653640747,1.6188219785690308
5628,0,1,1,1,0.7199264764785767,0.37700381875038147,0.5206003189086914,1.6175305843353271
7887,0,1,1,1,0.5317077040672302,0.4604320526123047,0.6249353289604187,1.6170750856399536
3537,0,1,1,1,0.6375542879104614,0.4525129795074463,0.5261256694793701,1.6161929368972778
1857,0,1,1,1,0.5217559337615967,0.40694093704223633,0.687268078327179,1.6159648895263672
152,0,1,1,1,0.6208876371383667,0.41040903329849243,0.5843514204025269,1.6156481504440308
536,1,1,1,1,0.559112548828125,0.4379274845123291,0.6181859374046326,1.6152260303497314
3535,0,1,1,1,0.6180334091186523,0.4029253423213959,0.5937483310699463,1.614707112312317
859,0,1,1,1,0.6450307369232178,0.3772123456001282,0.592451274394989,1.614694356918335
7103,1,1,1,1,0.6143764853477478,0.38773059844970703,0.6118736863136292,1.613980770111084
6569,0,1,1,1,0.6189100742340088,0.42232051491737366,0.5718057155609131,1.6130362749099731
7645,0,1,1,1,0.5400550365447998,0.44011324644088745,0.6324495077133179,1.6126177310943604
121,1,1,1,1,0.680132269859314,0.4051764905452728,0.5268189311027527,1.6121277809143066
5828,1,1,1,1,0.5868677496910095,0.4635984003543854,0.5609979033470154,1.611464023590088
1419,1,1,1,1,0.5661041140556335,0.46776634454727173,0.576811671257019,1.6106821298599243
4259,0,1,1,1,0.5766428709030151,0.42245882749557495,0.6112918853759766,1.6103935241699219
626,0,1,1,1,0.6280558705329895,0.38034549355506897,0.6017764210700989,1.610177755355835
4301,0,1,1,1,0.6475173234939575,0.40367481112480164,0.5586099624633789,1.6098021268844604
1600,0,1,1,1,0.626156747341156,0.4128400683403015,0.5696353316307068,1.6086320877075195
6251,0,1,1,1,0.6105937361717224,0.43288537859916687,0.5647876262664795,1.6082667112350464
3958,1,1,1,1,0.6258687973022461,0.4568973183631897,0.5248438715934753,1.6076099872589111
42,0,1,1,1,0.6326072216033936,0.35267627239227295,0.6216581463813782,1.6069416999816895
2406,0,1,1,1,0.5848954319953918,0.4086669385433197,0.613323450088501,1.6068857908248901
7043,0,1,1,1,0.6283204555511475,0.42577868700027466,0.5524531602859497,1.606552243232727
7287,1,1,1,1,0.6060034036636353,0.4347563087940216,0.5635539889335632,1.604313611984253
47,1,1,1,1,0.6317835450172424,0.43556204438209534,0.5366140007972717,1.603959560394287
3383,1,1,1,1,0.5765500068664551,0.41336220502853394,0.6137610077857971,1.6036732196807861
395,1,1,1,1,0.64859938621521,0.3970746099948883,0.5566821694374084,1.602356195449829
7589,0,1,1,1,0.6913999915122986,0.3582233488559723,0.5525578856468201,1.6021811962127686
5710,0,1,1,1,0.5877501964569092,0.4242330491542816,0.5868844985961914,1.5988677740097046
5347,0,1,1,1,0.7279354333877563,0.36357495188713074,0.5067281723022461,1.5982385873794556
5423,0,1,1,1,0.600793719291687,0.37577691674232483,0.6214747428894043,1.5980453491210938
3949,1,1,1,1,0.640754222869873,0.4440741240978241,0.5119642615318298,1.5967926979064941
2721,0,1,1,1,0.6183463931083679,0.3847285807132721,0.5934325456619263,1.5965075492858887
4483,0,1,1,1,0.6107202768325806,0.387092649936676,0.5976294875144958,1.5954424142837524
7102,0,1,1,1,0.6651358604431152,0.4251426160335541,0.5050244927406311,1.5953030586242676
1678,0,1,1,1,0.5974671244621277,0.47741830348968506,0.5198748111724854,1.5947601795196533
5955,0,1,1,1,0.6772840023040771,0.3754023611545563,0.5420587062835693,1.5947450399398804
1880,0,1,1,1,0.6511200070381165,0.3869558274745941,0.5560088753700256,1.5940847396850586
3736,1,1,1,1,0.5760594606399536,0.44340983033180237,0.5744277834892273,1.5938971042633057
3682,1,1,1,1,0.6366456747055054,0.3965546190738678,0.560604989528656,1.5938053131103516
3267,0,1,1,1,0.5593414902687073,0.42865243554115295,0.6044023036956787,1.5923962593078613
3927,0,1,1,1,0.6593193411827087,0.3875410854816437,0.5452554225921631,1.592115879058838
3602,1,1,1,1,0.5726794004440308,0.42057257890701294,0.5973877310752869,1.5906397104263306
6386,1,1,1,1,0.6619868278503418,0.3861117362976074,0.542442798614502,1.5905413627624512
4184,1,1,1,1,0.5639923214912415,0.4124528467655182,0.6132960915565491,1.5897412300109863
3924,1,1,1,1,0.561774492263794,0.4603615999221802,0.5674529671669006,1.5895891189575195
1331,0,1,1,1,0.6672577261924744,0.3615378439426422,0.5603338479995728,1.5891294479370117
4034,1,1,1,1,0.5532835125923157,0.4020390212535858,0.6321160793304443,1.5874385833740234
4395,1,1,1,1,0.6105884909629822,0.3816911578178406,0.594879686832428,1.5871593952178955
498,0,1,1,1,0.5717427134513855,0.46551209688186646,0.5497696399688721,1.587024450302124
1582,1,1,1,1,0.6331116557121277,0.4170139729976654,0.536249041557312,1.5863746404647827
7522,0,1,1,1,0.6337666511535645,0.42509883642196655,0.5267524123191833,1.585618019104004
2066,0,1,1,1,0.6447938680648804,0.3819839656352997,0.5583221912384033,1.5851000547409058
615,1,1,1,1,0.610543429851532,0.39047059416770935,0.5840277075767517,1.5850417613983154
2664,0,1,1,1,0.6124132871627808,0.43460193276405334,0.5379372835159302,1.584952473640442
2949,0,1,1,1,0.5842298865318298,0.42522433400154114,0.5748516917228699,1.584306001663208
3367,0,1,1,1,0.6169708967208862,0.4355607032775879,0.5313617587089539,1.5838932991027832
5443,1,1,1,1,0.6207658648490906,0.3633289337158203,0.5993026494979858,1.583397388458252
7368,0,1,1,1,0.6681772470474243,0.4138695299625397,0.5011060833930969,1.5831527709960938
6658,1,1,1,1,0.6208236813545227,0.36310985684394836,0.5991702079772949,1.5831037759780884
611,1,1,1,1,0.6968255639076233,0.35901451110839844,0.5269355773925781,1.582775592803955
5534,1,1,1,1,0.6063058972358704,0.37242618203163147,0.6038088202476501,1.5825409889221191
3643,1,1,1,1,0.5771927833557129,0.37398049235343933,0.6311379075050354,1.5823111534118652
2466,1,1,1,1,0.6113259792327881,0.4303174316883087,0.5406647324562073,1.582308053970337
4783,0,1,1,1,0.6262893676757812,0.4006381332874298,0.5552221536636353,1.582149624824524
6734,0,1,1,1,0.61054527759552,0.37820759415626526,0.5927979350090027,1.5815508365631104
5448,1,1,1,1,0.6520534753799438,0.3913007974624634,0.5376663208007812,1.5810205936431885
2796,0,1,1,1,0.6042647957801819,0.4198096692562103,0.5567197203636169,1.580794095993042
6607,0,1,1,1,0.6201162934303284,0.4404645264148712,0.5197950601577759,1.5803759098052979
1098,0,1,1,1,0.5772283673286438,0.3961910605430603,0.6067394018173218,1.5801588296890259
7781,1,1,1,1,0.628816545009613,0.3960561156272888,0.5543318390846252,1.5792045593261719
6108,0,1,1,1,0.6443185210227966,0.414278119802475,0.5200599431991577,1.578656554222107
7650,0,1,1,1,0.6138522624969482,0.42015865445137024,0.5438864827156067,1.577897310256958
4480,0,1,1,1,0.64231938123703,0.3513919711112976,0.5835609436035156,1.5772722959518433
3658,0,1,1,1,0.6414283514022827,0.3879934549331665,0.5477701425552368,1.577191948890686
3721,1,1,1,1,0.6027467250823975,0.38291844725608826,0.5913851261138916,1.5770503282546997
3081,0,1,1,1,0.5596212148666382,0.4895244836807251,0.5276697874069214,1.5768154859542847
160,0,1,1,1,0.5609618425369263,0.4455881118774414,0.5701097249984741,1.5766596794128418
1089,0,1,1,1,0.6400263905525208,0.4110226035118103,0.5233546495437622,1.5744036436080933
1705,0,1,1,1,0.613699734210968,0.4023706912994385,0.558174729347229,1.5742450952529907
7705,0,1,1,1,0.6770882606506348,0.357379287481308,0.539638102054596,1.5741057395935059
6496,0,1,1,1,0.5819056630134583,0.43672072887420654,0.5554290413856506,1.5740554332733154
1346,0,1,1,1,0.6500000357627869,0.3835526406764984,0.5400837063789368,1.5736362934112549
7595,0,1,1,1,0.5894220471382141,0.4261739253997803,0.557630181312561,1.5732260942459106
6029,1,1,1,1,0.6172271370887756,0.360213965177536,0.5952410101890564,1.5726821422576904
992,1,1,1,1,0.6002802848815918,0.4065604507923126,0.5654760003089905,1.5723166465759277
7477,1,1,1,1,0.5904906392097473,0.41132667660713196,0.5702828764915466,1.5721001625061035
5749,0,1,1,1,0.5977974534034729,0.37740397453308105,0.5958192944526672,1.5710207223892212
4413,1,1,1,1,0.662852942943573,0.3730778098106384,0.5344392657279968,1.5703699588775635
1575,0,1,1,1,0.6126658320426941,0.36601388454437256,0.5916748642921448,1.5703545808792114
1648,1,1,1,1,0.6021697521209717,0.39181768894195557,0.5761022567749023,1.5700896978378296
3049,0,1,1,1,0.5830116271972656,0.39262062311172485,0.5940337777137756,1.5696660280227661
5999,1,1,1,1,0.6148831844329834,0.4275016188621521,0.5272719860076904,1.5696568489074707
222,0,1,1,1,0.648514986038208,0.3775455057621002,0.5427076816558838,1.5687681436538696
4447,0,1,1,1,0.6362735629081726,0.4239904284477234,0.5077694058418274,1.5680334568023682
7319,0,1,1,1,0.603144645690918,0.3921225965023041,0.5719544887542725,1.567221760749817
3021,0,1,1,1,0.6624863743782043,0.36616337299346924,0.538161039352417,1.5668108463287354
6060,1,1,1,1,0.6318284869194031,0.4034336805343628,0.5309776663780212,1.566239833831787
1573,0,1,1,1,0.6320004463195801,0.3828198313713074,0.5512076616287231,1.5660279989242554
2128,0,1,1,1,0.6139948964118958,0.3952162265777588,0.5563178062438965,1.5655288696289062
7965,1,1,1,1,0.5906297564506531,0.3761347234249115,0.5985996723175049,1.565364122390747
5076,0,1,1,1,0.6633914113044739,0.39057883620262146,0.5111646056175232,1.5651347637176514
4652,0,1,1,1,0.5740018486976624,0.41057342290878296,0.5796114802360535,1.5641868114471436
343,1,1,1,1,0.6052526235580444,0.4327757656574249,0.5256764888763428,1.5637048482894897
4442,0,1,1,1,0.5263280868530273,0.4035224914550781,0.6338462829589844,1.5636968612670898
6286,0,1,1,1,0.6257030963897705,0.41021180152893066,0.5274249911308289,1.5633399486541748
2170,1,1,1,1,0.5526229739189148,0.4010801911354065,0.6094229221343994,1.5631260871887207
6234,0,1,1,1,0.6464770436286926,0.3736194968223572,0.542061984539032,1.5621585845947266
4936,0,1,1,1,0.6215905547142029,0.3734632432460785,0.5669103860855103,1.5619641542434692
2258,0,1,1,1,0.5871814489364624,0.4055630564689636,0.5689271092414856,1.5616716146469116
852,0,1,1,1,0.6324322819709778,0.42173150181770325,0.5067464113235474,1.5609102249145508
7166,0,1,1,1,0.6186303496360779,0.4261011779308319,0.5160871148109436,1.5608186721801758
4555,0,1,1,1,0.5462303757667542,0.42380401492118835,0.5906503796577454,1.5606846809387207
1374,0,1,1,1,0.6360650658607483,0.4207726716995239,0.5038025975227356,1.5606403350830078
7604,1,1,1,1,0.5550464391708374,0.4009895324707031,0.6045275330543518,1.560563564300537
6453,0,1,1,1,0.6248461008071899,0.41242989897727966,0.5230380892753601,1.5603141784667969
1482,1,1,1,1,0.6449760794639587,0.40296345949172974,0.5120335817337036,1.559973120689392
466,0,1,1,1,0.6276959776878357,0.35859474539756775,0.5727257132530212,1.559016466140747
5892,1,1,1,1,0.5480771064758301,0.38326919078826904,0.6276537179946899,1.559000015258789
2848,1,1,1,1,0.5902574062347412,0.4414299428462982,0.5272705554962158,1.5589579343795776
7373,0,1,1,1,0.5436754822731018,0.3946215808391571,0.6206366419792175,1.5589337348937988
1795,0,1,1,1,0.6618627905845642,0.3565366268157959,0.5403388738632202,1.558738350868225
812,0,1,1,1,0.6080074906349182,0.37614068388938904,0.5745022892951965,1.5586504936218262
4057,0,1,1,1,0.6309527158737183,0.3650425374507904,0.5623310804367065,1.5583263635635376
2616,0,1,1,1,0.6440759897232056,0.3615882396697998,0.5520787239074707,1.557742953300476
7130,0,1,1,1,0.6438860893249512,0.4045194983482361,0.509283721446991,1.5576894283294678
2176,0,1,1,1,0.6467380523681641,0.4056497812271118,0.5033162832260132,1.555704116821289
271,0,1,1,1,0.6147732734680176,0.4170086681842804,0.5237979888916016,1.5555799007415771
7925,1,1,1,1,0.5881512761116028,0.3884390890598297,0.5767711997032166,1.5533616542816162
4950,0,1,1,1,0.5966147780418396,0.3985308110713959,0.5576579570770264,1.5528035163879395
630,1,1,1,1,0.608467161655426,0.3860341012477875,0.5576791167259216,1.552180290222168
4900,0,1,1,1,0.5946832299232483,0.3673156797885895,0.5900841951370239,1.552083134651184
7898,0,1,1,1,0.552557647228241,0.41835546493530273,0.5808826088905334,1.5517957210540771
2393,0,1,1,1,0.5947691202163696,0.43120282888412476,0.5256862640380859,1.5516581535339355
6587,0,1,1,1,0.6033127307891846,0.4005483090877533,0.5475767254829407,1.5514378547668457
6710,1,1,1,1,0.6239413619041443,0.42228010296821594,0.504725992679596,1.5509474277496338
4088,0,1,1,1,0.6154255270957947,0.4134894609451294,0.5219069719314575,1.5508219003677368
7614,1,1,1,1,0.5892199277877808,0.4436146318912506,0.5163035988807678,1.549138069152832
7603,1,1,1,1,0.6034919619560242,0.4170178771018982,0.528367817401886,1.5488777160644531
7411,0,1,1,1,0.561458170413971,0.4144965708255768,0.5725888013839722,1.5485435724258423
3769,0,1,1,1,0.6047426462173462,0.40651896595954895,0.5372520089149475,1.548513650894165
5080,0,1,1,1,0.6083835363388062,0.41115880012512207,0.5288876295089722,1.5484299659729004
1341,1,1,1,1,0.5448511838912964,0.4239189326763153,0.5794566869735718,1.5482268333435059
5732,0,1,1,1,0.5914067625999451,0.40425512194633484,0.5520772933959961,1.5477391481399536
1489,0,1,1,1,0.6160532832145691,0.4251148998737335,0.5063983201980591,1.547566533088684
3534,0,1,1,1,0.5768433213233948,0.4140377640724182,0.5560481548309326,1.5469292402267456
3691,0,1,1,1,0.6425788998603821,0.36303651332855225,0.5408546328544617,1.5464701652526855
3035,0,1,1,1,0.5914407968521118,0.39537185430526733,0.5593847632408142,1.5461974143981934
2427,1,1,1,1,0.5824548006057739,0.39934617280960083,0.5635600090026855,1.545361042022705
6575,1,1,1,1,0.5569722056388855,0.38646215200424194,0.6012856364250183,1.544719934463501
677,1,1,1,1,0.6364948749542236,0.3910750448703766,0.5170743465423584,1.5446442365646362
7453,0,1,1,1,0.5983279347419739,0.372676819562912,0.5730463862419128,1.544051170349121
1499,0,1,1,1,0.5794466733932495,0.37356677651405334,0.590950608253479,1.5439640283584595
7409,0,1,1,1,0.5463961362838745,0.43962380290031433,0.5573270916938782,1.5433471202850342
3684,1,1,1,1,0.5767406821250916,0.4231656491756439,0.5434393286705017,1.5433456897735596
1688,0,1,1,1,0.6053400635719299,0.40047189593315125,0.5374659895896912,1.5432779788970947
6021,0,1,1,1,0.6173503398895264,0.38710740208625793,0.5387395024299622,1.5431971549987793
2266,0,1,1,1,0.6145477890968323,0.3589669167995453,0.5695740580558777,1.543088674545288
5763,0,1,1,1,0.5640458464622498,0.3966269791126251,0.5823593735694885,1.543032169342041
3766,1,1,1,1,0.5841501951217651,0.4369751214981079,0.5217772722244263,1.5429025888442993
6219,0,1,1,1,0.6696133017539978,0.3609704077243805,0.5122714638710022,1.5428552627563477
5921,0,1,1,1,0.5575475096702576,0.37605270743370056,0.6089296340942383,1.542529821395874
2824,0,1,1,1,0.6189146041870117,0.4010638892650604,0.5220818519592285,1.542060375213623
6934,1,1,1,1,0.6095967292785645,0.38914504647254944,0.5430910587310791,1.5418328046798706
1067,1,1,1,1,0.6491713523864746,0.38813209533691406,0.5035623908042908,1.5408658981323242
5664,0,1,1,1,0.5920873880386353,0.4031705856323242,0.5448368191719055,1.5400948524475098
5077,1,1,1,1,0.564831018447876,0.4059058725833893,0.5675832033157349,1.5383200645446777
459,0,1,1,1,0.6066153049468994,0.40772169828414917,0.5232675075531006,1.537604570388794
1652,1,1,1,1,0.6657224893569946,0.3625897467136383,0.5091794729232788,1.5374916791915894
1915,0,1,1,1,0.5877269506454468,0.38880613446235657,0.5592140555381775,1.5357470512390137
1034,1,1,1,1,0.594756543636322,0.4057372510433197,0.5350021719932556,1.5354959964752197
5754,0,1,1,1,0.5571436285972595,0.41592392325401306,0.5624049305915833,1.5354723930358887
1276,0,1,1,1,0.5782901644706726,0.37929680943489075,0.5771312713623047,1.5347182750701904
5063,0,1,1,1,0.6128315925598145,0.39967742562294006,0.5220128297805786,1.5345218181610107
6918,1,1,1,1,0.5536028742790222,0.3742779493331909,0.6066163778305054,1.5344972610473633
5078,1,1,1,1,0.5985751748085022,0.3859386444091797,0.5499202013015747,1.5344340801239014
1304,0,1,1,1,0.5990274548530579,0.3610280752182007,0.5728206038475037,1.5328761339187622
527,0,1,1,1,0.595819890499115,0.37400129437446594,0.5618693232536316,1.5316905975341797
3864,0,1,1,1,0.5515233278274536,0.40240412950515747,0.5771062970161438,1.5310337543487549
6174,1,1,1,1,0.5932021141052246,0.392782062292099,0.5445142984390259,1.5304985046386719
348,0,1,1,1,0.5962467193603516,0.38064131140708923,0.5531910061836243,1.5300791263580322
6955,0,1,1,1,0.6243512034416199,0.3789151906967163,0.5267143249511719,1.5299806594848633
2741,0,1,1,1,0.626064121723175,0.3524356782436371,0.5513808131217957,1.5298805236816406
3113,1,1,1,1,0.6247826218605042,0.3525448739528656,0.5515382885932922,1.5288658142089844
4956,1,1,1,1,0.6060819625854492,0.3778989613056183,0.5441988706588745,1.5281797647476196
841,1,1,1,1,0.5631231665611267,0.4042152464389801,0.5607392191886902,1.5280776023864746
2013,0,1,1,1,0.5547823905944824,0.3673831522464752,0.6056919693946838,1.5278575420379639
3363,0,1,1,1,0.6050436496734619,0.3677883446216583,0.5548979640007019,1.5277299880981445
7069,0,1,1,1,0.5759237408638,0.36350640654563904,0.5881789922714233,1.52760910987854
718,0,1,1,1,0.5531634092330933,0.3751741051673889,0.5991660356521606,1.527503490447998
3619,1,1,1,1,0.5966919660568237,0.38501110672950745,0.5456457138061523,1.5273487567901611
4343,0,1,1,1,0.5682739019393921,0.3831028342247009,0.5752196907997131,1.5265964269638062
2760,0,1,1,1,0.6110641360282898,0.38267800211906433,0.532741129398346,1.5264832973480225
5235,1,1,1,1,0.5800557732582092,0.39929065108299255,0.5470451712608337,1.5263915061950684
4824,0,1,1,1,0.5654544234275818,0.4096660912036896,0.5511890649795532,1.526309609413147
4181,0,1,1,1,0.6416513919830322,0.3697849214076996,0.5144879221916199,1.5259242057800293
5446,0,1,1,1,0.5249549746513367,0.4079029858112335,0.5928217768669128,1.5256798267364502
6902,0,1,1,1,0.5450931787490845,0.4093499779701233,0.5697060823440552,1.5241491794586182
537,1,1,1,1,0.5865933895111084,0.3802410960197449,0.5561551451683044,1.5229896306991577
4258,0,1,1,1,0.5686495900154114,0.3974311947822571,0.5568441152572632,1.5229249000549316
7479,1,1,1,1,0.5604458451271057,0.39982807636260986,0.5626361966133118,1.5229101181030273
6781,0,1,1,1,0.623799741268158,0.37293335795402527,0.5256108641624451,1.5223438739776611
874,0,1,1,1,0.5371542572975159,0.367378830909729,0.6170363426208496,1.5215694904327393
2105,0,1,1,1,0.5784453749656677,0.4276590645313263,0.5152145624160767,1.521319031715393
2338,1,1,1,1,0.6119406223297119,0.3872830271720886,0.5220807790756226,1.5213043689727783
3641,1,1,1,1,0.5457143187522888,0.3804238736629486,0.5948556661605835,1.5209938287734985
6776,0,1,1,1,0.5517014265060425,0.380174845457077,0.5882715582847595,1.5201478004455566
5151,0,1,1,1,0.5293477177619934,0.39482223987579346,0.5956089496612549,1.5197789669036865
2617,0,1,1,1,0.5305678844451904,0.3960517942905426,0.5931121110916138,1.5197317600250244
7979,0,1,1,1,0.5537199378013611,0.43820399045944214,0.527793288230896,1.5197172164916992
6316,0,1,1,1,0.6377590894699097,0.3783946633338928,0.5031186938285828,1.5192725658416748
3366,0,1,1,1,0.5651668906211853,0.42450231313705444,0.5294981002807617,1.5191673040390015
5701,1,1,1,1,0.56676185131073,0.42926010489463806,0.5228289365768433,1.5188509225845337
3623,1,1,1,1,0.5819507241249084,0.3727572560310364,0.5641348361968994,1.5188428163528442
307,1,1,1,1,0.6041848659515381,0.3931984007358551,0.5209718346595764,1.518355131149292
4968,0,1,1,1,0.6031948924064636,0.35444408655166626,0.5603268146514893,1.5179657936096191
5331,1,1,1,1,0.6207688450813293,0.3521527945995331,0.5445192456245422,1.5174407958984375
783,0,1,1,1,0.6021460294723511,0.4096474051475525,0.5044568777084351,1.5162502527236938
5272,0,1,1,1,0.6286121606826782,0.38100510835647583,0.5063465237617493,1.5159637928009033
5400,1,1,1,1,0.5979929566383362,0.35083213448524475,0.5670086145401001,1.5158337354660034
4951,0,1,1,1,0.6110540628433228,0.3758924901485443,0.5286777019500732,1.5156242847442627
2530,0,1,1,1,0.5506652593612671,0.3869023323059082,0.5780152678489685,1.515582799911499
7398,1,1,1,1,0.563446044921875,0.36189624667167664,0.5893276929855347,1.5146700143814087
6123,1,1,1,1,0.6107907891273499,0.3782891035079956,0.525388240814209,1.5144681930541992
5057,1,1,1,1,0.5824522972106934,0.35737234354019165,0.5713821649551392,1.511206865310669
7116,0,1,1,1,0.5305494070053101,0.41227784752845764,0.5683248043060303,1.5111520290374756
1884,0,1,1,1,0.5347110629081726,0.39621222019195557,0.5801265835762024,1.5110498666763306
402,1,1,1,1,0.6059914827346802,0.38967981934547424,0.5153428912162781,1.5110142230987549
2518,1,1,1,1,0.5668821930885315,0.3865150809288025,0.55674809217453,1.5101454257965088
5952,0,1,1,1,0.6186270117759705,0.387648344039917,0.5036233067512512,1.5098986625671387
1943,0,1,1,1,0.601766049861908,0.3815508782863617,0.5257374048233032,1.5090543031692505
256,1,1,1,1,0.6205651164054871,0.37757062911987305,0.5107395052909851,1.5088752508163452
5678,1,1,1,1,0.617778480052948,0.37098759412765503,0.5189587473869324,1.5077247619628906
3145,0,1,1,1,0.5739519000053406,0.38802051544189453,0.5454262495040894,1.5073986053466797
4849,1,1,1,1,0.5597096681594849,0.38277390599250793,0.5648903846740723,1.5073739290237427
7133,1,1,1,1,0.5713523626327515,0.4010530412197113,0.5341845154762268,1.5065898895263672
3816,0,1,1,1,0.5598874688148499,0.39450809359550476,0.5515217185020447,1.5059173107147217
1396,0,1,1,1,0.6009019017219543,0.39239421486854553,0.5122109055519104,1.505506992340088
4055,1,1,1,1,0.536005437374115,0.3950900137424469,0.5732811689376831,1.5043766498565674
4103,0,1,1,1,0.5438590049743652,0.4132784307003021,0.5451387763023376,1.5022761821746826
3374,0,1,1,1,0.5960105061531067,0.3531051278114319,0.5527369379997253,1.5018525123596191
1060,1,1,1,1,0.5749557614326477,0.3786582946777344,0.547715425491333,1.5013294219970703
2669,0,1,1,1,0.530524730682373,0.38068413734436035,0.5897371768951416,1.500946044921875
2716,1,1,1,1,0.5531902313232422,0.39321547746658325,0.5539155602455139,1.5003212690353394
2806,1,1,1,1,0.563447892665863,0.3863562345504761,0.5497053265571594,1.4995094537734985
7623,1,1,1,1,0.5257419943809509,0.41103944182395935,0.5626782774925232,1.4994597434997559
2479,0,1,1,1,0.5732558369636536,0.39715102314949036,0.5278446674346924,1.4982515573501587
6614,0,1,1,1,0.5585867762565613,0.38823843002319336,0.5509268045425415,1.4977519512176514
4803,0,1,1,1,0.550023078918457,0.4144682288169861,0.5326728224754333,1.4971641302108765
4342,1,1,1,1,0.6117574572563171,0.38225746154785156,0.5022174715995789,1.4962323904037476
5093,0,1,1,1,0.547963559627533,0.3811441659927368,0.5665510892868042,1.4956588745117188
5373,1,1,1,1,0.5646805167198181,0.38297054171562195,0.5474696159362793,1.495120644569397
4778,0,1,1,1,0.5871439576148987,0.37704184651374817,0.5301876068115234,1.4943734407424927
341,0,1,1,1,0.5403628945350647,0.3906778395175934,0.5623132586479187,1.493354082107544
4912,1,1,1,1,0.6025124788284302,0.3616464138031006,0.5290729403495789,1.4932317733764648
1618,0,1,1,1,0.5863224267959595,0.3893823027610779,0.5173473358154297,1.4930520057678223
1658,0,1,1,1,0.6001643538475037,0.3845197856426239,0.5066052079200745,1.4912893772125244
560,1,1,1,1,0.5565703511238098,0.41632282733917236,0.5183204412460327,1.4912135601043701
7687,0,1,1,1,0.5906642079353333,0.35417991876602173,0.5462828278541565,1.4911270141601562
2738,0,1,1,1,0.5769553780555725,0.39540988206863403,0.5170214176177979,1.4893866777420044
7248,1,1,1,1,0.5294604897499084,0.4004533886909485,0.5585795640945435,1.4884934425354004
2292,1,1,1,1,0.5875092148780823,0.39991921186447144,0.5009321570396423,1.4883606433868408
5051,0,1,1,1,0.6116741299629211,0.3742402195930481,0.5022562742233276,1.4881706237792969
3280,0,1,1,1,0.5659854412078857,0.39352038502693176,0.5279009938240051,1.4874067306518555
3334,1,1,1,1,0.5315158367156982,0.3867904245853424,0.5684574842453003,1.4867637157440186
6008,1,1,1,1,0.5287829637527466,0.3943486511707306,0.563276469707489,1.486407995223999
6808,1,1,1,1,0.5569685697555542,0.39213234186172485,0.5362569689750671,1.4853578805923462
3639,0,1,1,1,0.5523990392684937,0.38888582587242126,0.5438550710678101,1.4851399660110474
6890,1,1,1,1,0.5951753258705139,0.3751640319824219,0.5132792592048645,1.4836186170578003
1070,0,1,1,1,0.5797527432441711,0.3830373287200928,0.5204637050628662,1.4832537174224854
4939,0,1,1,1,0.5453361868858337,0.38104188442230225,0.556623637676239,1.483001708984375
3693,0,1,1,1,0.5389382839202881,0.3938212990760803,0.550207257270813,1.4829668998718262
6016,0,1,1,1,0.589790403842926,0.37939250469207764,0.5137735605239868,1.4829564094543457
5288,1,1,1,1,0.6136370897293091,0.3624458909034729,0.5054737329483032,1.4815566539764404
1351,0,1,1,1,0.586482584476471,0.3660382926464081,0.5281137824058533,1.4806346893310547
6124,0,1,1,1,0.5440406203269958,0.39994385838508606,0.5351961255073547,1.4791805744171143
983,1,1,1,1,0.5491456985473633,0.3668570816516876,0.5628963708877563,1.4788991212844849
997,1,1,1,1,0.5425841212272644,0.3810822367668152,0.5548689961433411,1.4785354137420654
5842,0,1,1,1,0.6029280424118042,0.3601955771446228,0.51429283618927,1.4774165153503418
1079,1,1,1,1,0.5243132710456848,0.38696569204330444,0.5654296278953552,1.4767086505889893
2746,1,1,1,1,0.5786688327789307,0.36276817321777344,0.5351981520652771,1.476635217666626
3912,0,1,1,1,0.5905637741088867,0.35954248905181885,0.5249544382095337,1.4750607013702393
569,1,1,1,1,0.5681260228157043,0.3654976487159729,0.5411452651023865,1.474768877029419
6872,1,1,1,1,0.5706105828285217,0.3905968964099884,0.5129392743110657,1.474146842956543
5003,1,1,1,1,0.5416370630264282,0.4003049433231354,0.5315600633621216,1.4735020399093628
3183,0,1,1,1,0.5490369200706482,0.4011489450931549,0.5219957828521729,1.4721816778182983
4719,0,1,1,1,0.6010891795158386,0.36625397205352783,0.5039356350898743,1.4712787866592407
1388,0,1,1,1,0.5457570552825928,0.3640333116054535,0.5613172054290771,1.4711076021194458
5798,1,1,1,1,0.5802949666976929,0.35155484080314636,0.5375649333000183,1.4694147109985352
7517,0,1,1,1,0.5468528866767883,0.35819628834724426,0.5628144145011902,1.4678635597229004
5316,1,1,1,1,0.5779467821121216,0.3696039319038391,0.5199893712997437,1.4675400257110596
4821,0,1,1,1,0.5837329626083374,0.38034817576408386,0.5030795931816101,1.467160701751709
3472,0,1,1,1,0.6022127866744995,0.351228803396225,0.5130587816238403,1.4665004014968872
2280,0,1,1,1,0.5639007091522217,0.38428354263305664,0.5182788372039795,1.4664630889892578
3976,0,1,1,1,0.5485587120056152,0.3518335819244385,0.5656688213348389,1.4660611152648926
1792,0,1,1,1,0.5545738339424133,0.36896446347236633,0.5413110256195068,1.4648493528366089
2012,1,1,1,1,0.5685957670211792,0.3513070046901703,0.5445191860198975,1.4644219875335693
5236,0,1,1,1,0.548229455947876,0.402103453874588,0.513418972492218,1.4637517929077148
580,1,1,1,1,0.5824272036552429,0.3630939722061157,0.5174931883811951,1.4630143642425537
6822,1,1,1,1,0.5801880359649658,0.36442282795906067,0.5179187059402466,1.4625295400619507
6351,1,1,1,1,0.5370527505874634,0.3765905797481537,0.5483554005622864,1.461998701095581
7087,1,1,1,1,0.5628468990325928,0.3588772118091583,0.5386995673179626,1.4604237079620361
5124,1,1,1,1,0.5446561574935913,0.3680543601512909,0.5465288758277893,1.4592394828796387
2042,0,1,1,1,0.5313974618911743,0.366109162569046,0.557915210723877,1.455421805381775
1514,0,1,1,1,0.5687034726142883,0.3760606646537781,0.5099708437919617,1.4547350406646729
2501,0,1,1,1,0.5243204236030579,0.37370991706848145,0.5557140707969666,1.4537444114685059
1701,0,1,1,1,0.5210144519805908,0.3998992443084717,0.5303267240524292,1.4512404203414917
2496,1,1,1,1,0.5811163187026978,0.35085225105285645,0.5174266695976257,1.4493951797485352
3847,1,1,1,1,0.5612707734107971,0.3630790710449219,0.5246924757957458,1.4490423202514648
4656,0,1,1,1,0.5331998467445374,0.37342357635498047,0.5422798991203308,1.4489033222198486
5773,1,1,1,1,0.537403404712677,0.3667975962162018,0.5424213409423828,1.446622371673584
6472,1,1,1,1,0.574152410030365,0.3593364953994751,0.5117843747138977,1.4452732801437378
1965,1,1,1,1,0.5606796145439148,0.36702749133110046,0.5174581408500671,1.4451651573181152
2045,1,1,1,1,0.5610309839248657,0.37148019671440125,0.5120391845703125,1.4445503950119019
6536,1,1,1,1,0.5797462463378906,0.3563484251499176,0.5077179670333862,1.443812608718872
5637,1,1,1,1,0.5260967016220093,0.38120853900909424,0.5359050035476685,1.443210244178772
4153,1,1,1,1,0.553445041179657,0.36715272068977356,0.5222054719924927,1.4428032636642456
6213,0,1,1,1,0.5514543056488037,0.3733319640159607,0.5179222226142883,1.4427084922790527
1645,1,1,1,1,0.5542199611663818,0.3607702851295471,0.5265674591064453,1.4415576457977295
2774,0,1,1,1,0.5796932578086853,0.35181424021720886,0.5089511275291443,1.4404585361480713
4300,1,1,1,1,0.563862144947052,0.35586193203926086,0.5205192565917969,1.4402433633804321
7516,0,1,1,1,0.5463502407073975,0.36776331067085266,0.5220431685447693,1.4361567497253418
6144,1,1,1,1,0.5323277711868286,0.38159438967704773,0.5220305323600769,1.4359526634216309
2862,0,1,1,1,0.5471447110176086,0.35318833589553833,0.5344344973564148,1.434767484664917
6935,0,1,1,1,0.546765148639679,0.3770158290863037,0.5107944011688232,1.4345753192901611
7876,1,1,1,1,0.541373610496521,0.3687328100204468,0.5230309367179871,1.4331374168395996
900,0,1,1,1,0.5460050106048584,0.35430070757865906,0.5290512442588806,1.4293570518493652
6804,1,1,1,1,0.551437497138977,0.36056169867515564,0.5165948271751404,1.4285941123962402
293,0,1,1,1,0.5644064545631409,0.3527306616306305,0.5103601217269897,1.4274972677230835
6703,0,1,1,1,0.5542110204696655,0.3598818778991699,0.5081506371498108,1.422243595123291
3681,0,1,1,1,0.5397064089775085,0.3779078423976898,0.5040940642356873,1.421708345413208
4220,1,1,1,1,0.5515874028205872,0.35691189765930176,0.5119131207466125,1.4204124212265015
566,1,1,1,1,0.5403834581375122,0.3680686950683594,0.5111826658248901,1.4196348190307617
7914,0,1,1,1,0.5386549830436707,0.3616921007633209,0.5167800188064575,1.4171271324157715
1153,1,1,1,1,0.5254642963409424,0.37759798765182495,0.5124984383583069,1.4155607223510742
947,0,1,1,1,0.5208499431610107,0.38169801235198975,0.5128684043884277,1.4154163599014282
1319,1,1,1,1,0.522796094417572,0.35826030373573303,0.5219652056694031,1.4030215740203857
5561,0,1,1,1,0.5326290130615234,0.3666389286518097,0.5014881491661072,1.4007561206817627
2238,1,1,1,1,0.5323495268821716,0.3502676486968994,0.5121534466743469,1.394770622253418
7816,0,1,1,1,0.5416057109832764,0.3514205813407898,0.5006866455078125,1.3937129974365234
